-- phpMyAdmin SQL Dump
-- version 4.4.14
-- http://www.phpmyadmin.net
--
-- Host: 127.0.0.1
-- Czas generowania: 08 Sty 2016, 16:10
-- Wersja serwera: 5.6.26
-- Wersja PHP: 5.5.28

SET SQL_MODE = "NO_AUTO_VALUE_ON_ZERO";
SET time_zone = "+00:00";


/*!40101 SET @OLD_CHARACTER_SET_CLIENT=@@CHARACTER_SET_CLIENT */;
/*!40101 SET @OLD_CHARACTER_SET_RESULTS=@@CHARACTER_SET_RESULTS */;
/*!40101 SET @OLD_COLLATION_CONNECTION=@@COLLATION_CONNECTION */;
/*!40101 SET NAMES utf8mb4 */;

--
-- Baza danych: `jakprawnie`
--

-- --------------------------------------------------------

--
-- Struktura tabeli dla tabeli `actions`
--

CREATE TABLE IF NOT EXISTS `actions` (
  `id` int(11) NOT NULL,
  `name` varchar(100) NOT NULL
) ENGINE=InnoDB AUTO_INCREMENT=5 DEFAULT CHARSET=utf8;

--
-- Zrzut danych tabeli `actions`
--

INSERT INTO `actions` (`id`, `name`) VALUES
(1, 'index'),
(2, 'edit'),
(3, 'delete'),
(4, 'add');

-- --------------------------------------------------------

--
-- Struktura tabeli dla tabeli `adin_user_permissions`
--

CREATE TABLE IF NOT EXISTS `adin_user_permissions` (
  `user_id` int(11) NOT NULL,
  `role_id` int(11) NOT NULL,
  `action_id` int(11) NOT NULL,
  `module_id` int(11) NOT NULL
) ENGINE=InnoDB DEFAULT CHARSET=utf8 COMMENT='admin_user_permissions';

-- --------------------------------------------------------

--
-- Struktura tabeli dla tabeli `admin_user`
--

CREATE TABLE IF NOT EXISTS `admin_user` (
  `id` int(11) NOT NULL,
  `role_id` int(11) DEFAULT NULL,
  `role` enum('journalist','editor','admin') NOT NULL DEFAULT 'journalist',
  `login` varchar(50) DEFAULT NULL,
  `email` varchar(50) DEFAULT NULL,
  `name` varchar(50) DEFAULT NULL,
  `password` varchar(255) DEFAULT NULL,
  `active` tinyint(1) NOT NULL DEFAULT '0'
) ENGINE=InnoDB AUTO_INCREMENT=5 DEFAULT CHARSET=utf8;

--
-- Zrzut danych tabeli `admin_user`
--

INSERT INTO `admin_user` (`id`, `role_id`, `role`, `login`, `email`, `name`, `password`, `active`) VALUES
(1, 0, 'admin', 'admin', 'croaking.lizard@gmx.com', 'Admin Name', '$2y$10$yEKV4zir9XSrKMw4Te.sVe7jshKWSEfICjawqWW7cnSYSLZn3Kotq', 1),
(2, NULL, 'editor', 'redaktor', 'm.wojtowicz@creativewds.com', 'Jon', '$2y$10$05prrJP6dsPe.olXg.TWwOXC.vlGUpKy.xzHHRAGfgmXZB/KrrtrK', 1),
(3, NULL, 'admin', 'jakubspalik', 'jakub.spalik@gmail.com', 'Jakub Spalik', '$2y$10$IBgiAaYdwqTLwT/ZvP2YfuJeczObMjrlB.dkGgiWjx.lmPuQG/whG', 1),
(4, NULL, 'editor', 'annasocha', 'socha.anna@interia.pl', 'Anna Socha', '$2y$10$B0ycp6ommfxUgfQ8KegjSOfnHwL5bMAkx7TmwFppxI5OLGgek.U/S', 1);

-- --------------------------------------------------------

--
-- Struktura tabeli dla tabeli `admin_user_roles`
--

CREATE TABLE IF NOT EXISTS `admin_user_roles` (
  `id` int(11) NOT NULL,
  `slug` varchar(50) NOT NULL
) ENGINE=InnoDB DEFAULT CHARSET=utf8;

-- --------------------------------------------------------

--
-- Struktura tabeli dla tabeli `cms_configuration`
--

CREATE TABLE IF NOT EXISTS `cms_configuration` (
  `key` varchar(50) NOT NULL,
  `value` varchar(255) NOT NULL
) ENGINE=InnoDB DEFAULT CHARSET=utf8;

--
-- Zrzut danych tabeli `cms_configuration`
--

INSERT INTO `cms_configuration` (`key`, `value`) VALUES
('ADMIN_EMAIL', 'm.wojtowicz@creativewds.com'),
('DEBUG_MODE', '0'),
('DISPLAY_CHANGELOG', '0'),
('PROFILER', '0'),
('TECHNICAL_WORKS', '0'),
('WIDGETS_CACHE', '1');

-- --------------------------------------------------------

--
-- Struktura tabeli dla tabeli `cms_javascript`
--

CREATE TABLE IF NOT EXISTS `cms_javascript` (
  `id` varchar(20) NOT NULL,
  `text` text
) ENGINE=InnoDB DEFAULT CHARSET=utf8;

--
-- Zrzut danych tabeli `cms_javascript`
--

INSERT INTO `cms_javascript` (`id`, `text`) VALUES
('body', '<!--  kod javascript lub  html -->'),
('head', '        <script>\r\n        (function (i, s, o, g, r, a, m) {\r\n            i[''GoogleAnalyticsObject''] = r;\r\n            i[r] = i[r] || function () {\r\n                (i[r].q = i[r].q || []).push(arguments)\r\n            }, i[r].l = 1 * new Date();\r\n            a = s.createElement(o),\r\n                    m = s.getElementsByTagName(o)[0];\r\n            a.async = 1;\r\n            a.src = g;\r\n            m.parentNode.insertBefore(a, m)\r\n        })(window, document, ''script'', ''//www.google-analytics.com/analytics.js'', ''ga'');\r\n\r\n        ga(''create'', ''UA-71819656-1'', ''auto'');\r\n        ga(''send'', ''pageview'');\r\n\r\n        </script>');

-- --------------------------------------------------------

--
-- Struktura tabeli dla tabeli `comment`
--

CREATE TABLE IF NOT EXISTS `comment` (
  `id` int(11) NOT NULL,
  `foreign_key` int(11) NOT NULL,
  `status` smallint(6) NOT NULL DEFAULT '1',
  `name` varchar(120) NOT NULL,
  `email` varchar(255) NOT NULL,
  `content` text NOT NULL,
  `created_at` datetime DEFAULT CURRENT_TIMESTAMP
) ENGINE=InnoDB DEFAULT CHARSET=utf8;

-- --------------------------------------------------------

--
-- Struktura tabeli dla tabeli `language`
--

CREATE TABLE IF NOT EXISTS `language` (
  `id` int(11) NOT NULL,
  `iso` varchar(10) NOT NULL,
  `locale` varchar(10) DEFAULT NULL,
  `name` varchar(20) DEFAULT NULL,
  `short_name` varchar(10) DEFAULT NULL,
  `url` varchar(20) DEFAULT NULL,
  `sortorder` int(11) DEFAULT NULL,
  `primary` enum('0','1') DEFAULT '0',
  `active` tinyint(1) NOT NULL DEFAULT '1'
) ENGINE=InnoDB AUTO_INCREMENT=5 DEFAULT CHARSET=utf8;

--
-- Zrzut danych tabeli `language`
--

INSERT INTO `language` (`id`, `iso`, `locale`, `name`, `short_name`, `url`, `sortorder`, `primary`, `active`) VALUES
(1, 'ru', 'ru_RU', 'Русский', 'Рус', 'ru', 3, '0', 0),
(2, 'en', 'en_EN', 'English', 'Eng', 'en', 1, '0', 0),
(3, 'uk', 'uk_UA', 'Українська', 'Укр', 'uk', 4, '0', 0),
(4, 'pl', 'pl_PL', 'Polski', 'Pol', 'pl', 2, '1', 1);

-- --------------------------------------------------------

--
-- Struktura tabeli dla tabeli `menu`
--

CREATE TABLE IF NOT EXISTS `menu` (
  `id` int(11) NOT NULL,
  `root` enum('top','footer1','footer2') NOT NULL DEFAULT 'top',
  `parent_id` int(11) DEFAULT NULL,
  `work_title` varchar(255) DEFAULT NULL,
  `depth` tinyint(2) NOT NULL DEFAULT '0',
  `left_key` int(11) DEFAULT NULL,
  `right_key` int(11) DEFAULT NULL,
  `created_at` datetime DEFAULT NULL,
  `updated_at` datetime DEFAULT NULL,
  `newwindow` tinyint(1) DEFAULT '0',
  `auto` tinyint(1) DEFAULT NULL,
  `data` varchar(40) DEFAULT NULL,
  `status` tinyint(1) DEFAULT '1'
) ENGINE=InnoDB AUTO_INCREMENT=68 DEFAULT CHARSET=utf8;

--
-- Zrzut danych tabeli `menu`
--

INSERT INTO `menu` (`id`, `root`, `parent_id`, `work_title`, `depth`, `left_key`, `right_key`, `created_at`, `updated_at`, `newwindow`, `auto`, `data`, `status`) VALUES
(1, 'top', NULL, NULL, 1, 66, 73, '2015-12-14 10:52:10', '2016-01-08 15:24:10', 0, 0, '0', 1),
(2, 'top', NULL, NULL, 1, 74, 75, '2015-12-14 10:53:41', '2016-01-08 15:24:10', 0, 0, '{"type":"page","item_id":"2"}', 1),
(3, 'top', NULL, NULL, 1, 26, 53, '2015-12-14 10:54:28', '2016-01-08 15:24:10', 0, 0, '{"type":"category","item_id":"305"}', 1),
(5, 'top', NULL, NULL, 1, 2, 25, '2015-12-15 11:21:22', '2016-01-08 15:24:10', 0, 0, '{"type":"category","item_id":"306"}', 1),
(9, 'top', 5, NULL, 2, 3, 4, '2015-12-15 12:52:05', '2016-01-08 15:24:23', 0, 1, '{"type":"category","item_id":"312"}', 1),
(14, 'top', NULL, NULL, 1, 54, 63, '2015-12-17 11:04:52', '2016-01-08 15:24:10', 0, 0, '{"type":"type","item_id":"3"}', 1),
(15, 'top', NULL, NULL, 1, 64, 65, '2015-12-17 14:57:38', '2016-01-08 15:24:10', 0, 0, '0', 1),
(20, 'footer1', NULL, NULL, 1, 2, 3, '2015-12-22 09:21:18', '2015-12-22 12:27:32', 0, 0, '{"type":"type","item_id":"2"}', 1),
(21, 'footer1', NULL, NULL, 1, 4, 5, '2015-12-22 09:21:29', '2015-12-23 21:49:34', 0, 0, '{"type":"page","item_id":"4"}', 1),
(22, 'footer1', NULL, NULL, 1, 6, 7, '2015-12-22 09:21:36', '2015-12-22 12:27:32', 0, 0, '{"type":"type","item_id":"2"}', 1),
(23, 'footer1', NULL, NULL, 1, 8, 9, '2015-12-22 09:21:46', '2015-12-22 12:27:32', 0, 0, '{"type":"page","item_id":"2"}', 1),
(24, 'footer1', NULL, NULL, 1, 10, 11, '2015-12-22 09:23:13', '2016-01-04 15:08:54', 0, 0, '{"type":"type","item_id":"3"}', 1),
(25, 'footer1', NULL, NULL, 1, 12, 13, '2015-12-22 09:23:40', '2015-12-28 11:03:14', 0, 0, '0', 1),
(26, 'footer2', NULL, NULL, 1, 17, 18, '2015-12-22 09:24:00', '2015-12-28 15:02:11', 0, 0, '0', 1),
(27, 'footer2', NULL, NULL, 1, 19, 20, '2015-12-22 09:24:11', '2015-12-28 14:59:35', 0, 0, '{"type":"page","item_id":"3"}', 1),
(28, 'footer2', NULL, NULL, 1, 21, 22, '2015-12-22 09:24:15', '2015-12-28 15:02:19', 0, 0, '0', 1),
(29, 'top', 5, NULL, 2, 21, 22, '2015-12-22 14:13:20', '2016-01-08 15:25:44', 0, 1, '{"type":"category","item_id":"321"}', 1),
(30, 'top', 5, NULL, 2, 15, 16, '2015-12-22 14:13:55', '2016-01-08 15:25:18', 0, 1, '{"type":"category","item_id":"318"}', 1),
(31, 'top', 5, NULL, 2, 5, 6, '2015-12-22 14:14:36', '2016-01-08 15:24:31', 0, 1, '{"type":"category","item_id":"313"}', 1),
(32, 'top', 5, NULL, 2, 7, 8, '2015-12-22 14:14:48', '2016-01-08 15:24:41', 0, 1, '{"type":"category","item_id":"314"}', 1),
(33, 'top', 5, NULL, 2, 11, 12, '2015-12-22 14:14:58', '2016-01-08 15:25:02', 0, 1, '{"type":"category","item_id":"316"}', 1),
(34, 'top', 5, NULL, 2, 13, 14, '2015-12-22 14:15:05', '2016-01-08 15:25:11', 0, 1, '{"type":"category","item_id":"317"}', 1),
(35, 'top', 5, NULL, 2, 17, 18, '2015-12-22 14:15:22', '2016-01-08 15:25:26', 0, 1, '{"type":"category","item_id":"319"}', 1),
(36, 'top', 5, NULL, 2, 19, 20, '2015-12-22 14:15:39', '2016-01-08 15:25:35', 0, 1, '{"type":"category","item_id":"320"}', 1),
(37, 'top', 5, NULL, 2, 9, 10, '2015-12-22 14:15:50', '2016-01-08 15:24:52', 0, 1, '{"type":"category","item_id":"315"}', 1),
(38, 'top', 5, NULL, 2, 23, 24, '2015-12-22 14:15:58', '2016-01-08 15:25:53', 0, 1, '{"type":"category","item_id":"322"}', 1),
(47, 'top', 3, NULL, 2, 33, 34, '2015-12-23 16:28:29', '2016-01-08 15:24:10', 0, 1, '{"type":"category","item_id":"38"}', 1),
(49, 'top', 3, NULL, 2, 27, 28, '2015-12-23 16:34:19', '2016-01-08 15:24:10', 0, 1, '{"type":"category","item_id":"35"}', 1),
(50, 'top', 1, NULL, 2, 69, 70, '2015-12-28 15:30:02', '2016-01-08 15:24:10', 0, 0, '0', 0),
(51, 'top', 1, NULL, 2, 67, 68, '2015-12-28 15:30:09', '2016-01-08 15:24:10', 0, 0, '0', 1),
(52, 'top', 1, NULL, 2, 71, 72, '2015-12-29 13:37:35', '2016-01-08 15:24:10', 0, 0, '0', 1),
(53, 'top', 14, NULL, 2, 55, 56, '2015-12-29 14:13:57', '2016-01-08 15:24:10', 0, 0, '0', 0),
(54, 'top', 14, NULL, 2, 57, 58, '2015-12-29 14:14:17', '2016-01-08 15:24:10', NULL, NULL, NULL, NULL),
(55, 'top', 14, NULL, 2, 59, 60, '2015-12-29 14:14:31', '2016-01-08 15:24:10', NULL, NULL, NULL, NULL),
(56, 'top', 14, NULL, 2, 61, 62, '2015-12-29 14:14:39', '2016-01-08 15:24:10', NULL, NULL, NULL, NULL),
(57, 'top', 3, NULL, 2, 29, 30, '2015-12-31 23:18:13', '2016-01-08 15:24:10', 0, 1, '{"type":"category","item_id":"58"}', 1),
(58, 'top', 3, NULL, 2, 41, 42, '2015-12-31 23:19:31', '2016-01-08 15:24:10', 0, 1, '{"type":"category","item_id":"60"}', 1),
(59, 'top', 3, NULL, 2, 31, 32, '2015-12-31 23:19:42', '2016-01-08 15:24:10', 0, 1, '{"type":"category","item_id":"61"}', 1),
(60, 'top', 3, NULL, 2, 35, 36, '2016-01-04 19:00:02', '2016-01-08 15:24:10', 0, 1, '{"type":"category","item_id":"212"}', 1),
(61, 'top', 3, NULL, 2, 37, 38, '2016-01-04 11:06:32', '2016-01-08 15:24:10', 0, 1, '{"type":"category","item_id":"219"}', 1),
(62, 'top', 3, NULL, 2, 39, 40, '2016-01-04 11:06:49', '2016-01-08 15:24:10', 0, 1, '{"type":"category","item_id":"226"}', 1),
(63, 'top', 3, NULL, 2, 43, 44, '2016-01-04 11:07:07', '2016-01-08 15:24:10', 0, 1, '{"type":"category","item_id":"262"}', 1),
(64, 'top', 3, NULL, 2, 45, 46, '2016-01-04 11:07:18', '2016-01-08 15:24:10', 0, 1, '{"type":"category","item_id":"267"}', 1),
(65, 'top', 3, NULL, 2, 47, 48, '2016-01-04 11:07:26', '2016-01-08 15:24:10', 0, 1, '{"type":"category","item_id":"275"}', 1),
(66, 'top', 3, NULL, 2, 49, 50, '2016-01-04 11:08:25', '2016-01-08 15:24:10', 0, 1, '{"type":"category","item_id":"288"}', 1),
(67, 'top', 3, NULL, 2, 51, 52, '2016-01-04 11:08:33', '2016-01-08 15:24:10', 0, 1, '{"type":"category","item_id":"294"}', 1);

-- --------------------------------------------------------

--
-- Struktura tabeli dla tabeli `menu_translate`
--

CREATE TABLE IF NOT EXISTS `menu_translate` (
  `id` int(11) NOT NULL,
  `foreign_id` int(11) NOT NULL,
  `lang` varchar(20) DEFAULT NULL,
  `key` varchar(255) DEFAULT NULL,
  `value` text,
  `custom` varchar(255) DEFAULT NULL COMMENT 'custom link, href'
) ENGINE=InnoDB AUTO_INCREMENT=124 DEFAULT CHARSET=utf8;

--
-- Zrzut danych tabeli `menu_translate`
--

INSERT INTO `menu_translate` (`id`, `foreign_id`, `lang`, `key`, `value`, `custom`) VALUES
(1, 1, 'pl', 'title', 'Oferta', ''),
(2, 2, 'pl', 'title', 'Kontakt', ''),
(3, 3, 'pl', 'title', 'Prawo dla firm', ''),
(4, 5, 'pl', 'title', 'Prawo dla każdego', NULL),
(8, 9, 'pl', 'title', 'Prawo rodzinne', NULL),
(9, 9, 'pl', 'custom', '', NULL),
(17, 1, 'pl', 'custom', 'javascript:void(0)', NULL),
(18, 3, 'pl', 'custom', '', NULL),
(19, 5, 'pl', 'custom', '', NULL),
(20, 2, 'pl', 'custom', '', NULL),
(24, 14, 'pl', 'title', 'Wzory pism', NULL),
(25, 14, 'pl', 'custom', '/wzory.html', NULL),
(26, 15, 'pl', 'title', 'Encyklopedia prawa', NULL),
(27, 15, 'pl', 'custom', '/encyklopedia', NULL),
(36, 20, 'pl', 'title', 'Prawo dla każdego', NULL),
(37, 21, 'pl', 'title', 'Oferta', NULL),
(38, 22, 'pl', 'title', 'Prawo dla firm', NULL),
(39, 23, 'pl', 'title', 'Kontakt', NULL),
(40, 23, 'pl', 'custom', '', NULL),
(41, 20, 'pl', 'custom', '', NULL),
(42, 22, 'pl', 'custom', '', NULL),
(43, 24, 'pl', 'title', 'Wzory pism', NULL),
(44, 24, 'pl', 'custom', '/wzory.html', NULL),
(45, 25, 'pl', 'title', 'Encyklopedia prawa', NULL),
(46, 25, 'pl', 'custom', 'javascript:void(0)', NULL),
(47, 26, 'pl', 'title', 'Zleć sprawę', NULL),
(48, 27, 'pl', 'title', 'Zadaj pytanie', NULL),
(49, 28, 'pl', 'title', 'Zamów pismo', NULL),
(50, 26, 'pl', 'custom', 'http://jakprawnie.pl/oferta.html#zlec-sprawe', NULL),
(51, 27, 'pl', 'custom', '', NULL),
(52, 28, 'pl', 'custom', 'http://jakprawnie.pl/oferta.html#zlec-pismo', NULL),
(53, 29, 'pl', 'title', 'Administracyjne', NULL),
(54, 30, 'pl', 'title', 'Budowlane', NULL),
(55, 31, 'pl', 'title', 'Prawo pracy', NULL),
(56, 32, 'pl', 'title', 'Konsumenci', NULL),
(57, 33, 'pl', 'title', 'Cywilne', NULL),
(58, 34, 'pl', 'title', 'Karne', NULL),
(59, 35, 'pl', 'title', 'Mieszkaniowe', NULL),
(60, 36, 'pl', 'title', 'Ubezpieczenia', NULL),
(61, 37, 'pl', 'title', 'Spadki', NULL),
(62, 38, 'pl', 'title', 'Prawo autorskie', NULL),
(69, 31, 'pl', 'custom', '', NULL),
(75, 47, 'pl', 'title', 'Prawo budowlane', NULL),
(76, 47, 'pl', 'custom', '', NULL),
(78, 49, 'pl', 'title', 'Prawo pracy', NULL),
(79, 49, 'pl', 'custom', '', NULL),
(81, 21, 'pl', 'custom', '', NULL),
(82, 50, 'pl', 'title', 'Dla osób fizycznych', NULL),
(83, 51, 'pl', 'title', 'Dla firm', NULL),
(84, 51, 'pl', 'custom', 'javascript:void(0)', NULL),
(85, 50, 'pl', 'custom', 'javascript:void(0)', NULL),
(86, 52, 'pl', 'title', 'Stała obsługa', NULL),
(87, 52, 'pl', 'custom', '/oferta.html#stala-obsluga', NULL),
(88, 53, 'pl', 'title', 'Kategorie', NULL),
(89, 54, 'pl', 'title', 'Wzory pism', NULL),
(90, 55, 'pl', 'title', 'Wzory umów', NULL),
(91, 56, 'pl', 'title', 'Formularze', NULL),
(92, 29, 'pl', 'custom', '', NULL),
(93, 30, 'pl', 'custom', '', NULL),
(94, 32, 'pl', 'custom', '', NULL),
(95, 33, 'pl', 'custom', '', NULL),
(96, 38, 'pl', 'custom', '', NULL),
(97, 35, 'pl', 'custom', '', NULL),
(98, 34, 'pl', 'custom', '', NULL),
(99, 36, 'pl', 'custom', '', NULL),
(100, 37, 'pl', 'custom', '', NULL),
(101, 57, 'pl', 'title', 'Handlowe i gospodarcze', NULL),
(102, 57, 'pl', 'custom', '', NULL),
(103, 58, 'pl', 'title', 'Zamówienia publiczne', NULL),
(104, 59, 'pl', 'title', 'Spółki', NULL),
(105, 58, 'pl', 'custom', '', NULL),
(106, 59, 'pl', 'custom', '', NULL),
(107, 60, 'pl', 'title', 'Prawo administracyjne', NULL),
(108, 61, 'pl', 'title', 'Prawo upadłościowe', NULL),
(109, 62, 'pl', 'title', 'Prawo cywilne', NULL),
(110, 63, 'pl', 'title', 'Prawo autorskie', NULL),
(111, 64, 'pl', 'title', 'Prawo własności przemysłowej', NULL),
(112, 65, 'pl', 'title', 'Prawo karne', NULL),
(113, 66, 'pl', 'title', 'Ochrona danych osobowych', NULL),
(114, 67, 'pl', 'title', 'Ubezpieczenia', NULL),
(115, 60, 'pl', 'custom', '', NULL),
(116, 61, 'pl', 'custom', '', NULL),
(117, 62, 'pl', 'custom', '', NULL),
(118, 63, 'pl', 'custom', '', NULL),
(119, 64, 'pl', 'custom', '', NULL),
(120, 65, 'pl', 'custom', '', NULL),
(121, 66, 'pl', 'custom', '', NULL),
(122, 67, 'pl', 'custom', '', NULL),
(123, 53, 'pl', 'custom', '', NULL);

-- --------------------------------------------------------

--
-- Struktura tabeli dla tabeli `modules`
--

CREATE TABLE IF NOT EXISTS `modules` (
  `id` int(11) NOT NULL,
  `name` varchar(100) NOT NULL
) ENGINE=InnoDB AUTO_INCREMENT=3 DEFAULT CHARSET=utf8;

--
-- Zrzut danych tabeli `modules`
--

INSERT INTO `modules` (`id`, `name`) VALUES
(1, 'page'),
(2, 'publication');

-- --------------------------------------------------------

--
-- Struktura tabeli dla tabeli `options`
--

CREATE TABLE IF NOT EXISTS `options` (
  `id` int(11) NOT NULL,
  `name` varchar(255) NOT NULL,
  `value` text NOT NULL
) ENGINE=InnoDB DEFAULT CHARSET=utf8;

-- --------------------------------------------------------

--
-- Struktura tabeli dla tabeli `page`
--

CREATE TABLE IF NOT EXISTS `page` (
  `id` int(11) NOT NULL,
  `slug` varchar(255) DEFAULT NULL,
  `created_at` datetime DEFAULT NULL,
  `updated_at` datetime DEFAULT NULL
) ENGINE=InnoDB AUTO_INCREMENT=6 DEFAULT CHARSET=utf8;

--
-- Zrzut danych tabeli `page`
--

INSERT INTO `page` (`id`, `slug`, `created_at`, `updated_at`) VALUES
(1, 'index', '2014-08-03 15:18:47', '2015-12-23 21:43:47'),
(2, 'kontakt', '2014-08-03 22:25:13', '2015-12-29 09:30:17'),
(3, 'wycena', '2015-12-17 14:57:05', '2015-12-17 14:59:42'),
(4, 'oferta', '2015-12-22 16:07:45', '2016-01-07 14:22:43'),
(5, 'oferta2', '2015-12-30 16:20:17', '2016-01-07 14:16:35');

-- --------------------------------------------------------

--
-- Struktura tabeli dla tabeli `page_translate`
--

CREATE TABLE IF NOT EXISTS `page_translate` (
  `id` int(11) NOT NULL,
  `foreign_id` int(11) NOT NULL,
  `lang` varchar(20) DEFAULT NULL,
  `key` varchar(255) DEFAULT NULL,
  `value` text CHARACTER SET utf8 COLLATE utf8_polish_ci
) ENGINE=InnoDB AUTO_INCREMENT=50 DEFAULT CHARSET=utf8;

--
-- Zrzut danych tabeli `page_translate`
--

INSERT INTO `page_translate` (`id`, `foreign_id`, `lang`, `key`, `value`) VALUES
(31, 1, 'pl', 'title', 'Home'),
(32, 1, 'pl', 'text', '<h1></h1>'),
(33, 1, 'pl', 'meta_title', 'Lorem ipsum'),
(34, 2, 'pl', 'title', 'Kontakt'),
(35, 2, 'pl', 'text', '<div class="mail-box">\r\n<table>\r\n<thead>\r\n<tr>\r\n<td>DZIAŁ</td>\r\n<td>PRZEZNACZENIE</td>\r\n<td>ADRES E-MAIL</td>\r\n</tr>\r\n</thead>\r\n<tbody>\r\n<tr>\r\n<td>Redakcja</td>\r\n<td>Uwagi i komentarze dotyczące treści serwisu</td>\r\n<td><a href="mailto:redakcja@jakprawnie.pl">redakcja@jakprawnie.pl</a></td>\r\n</tr>\r\n<tr>\r\n<td>Marketing</td>\r\n<td>Promocja, reklama, kontakt z mediami</td>\r\n<td><a href="mailto:marketing@jakprawnie.pl">marketing@jakprawnie.pl</a></td>\r\n</tr>\r\n<tr>\r\n<td>Praca</td>\r\n<td>Praca w serwisie</td>\r\n<td><a href="mailto:praca@jakprawnie.pl">praca@jakprawnie.pl</a></td>\r\n</tr>\r\n<tr>\r\n<td>Biuro</td>\r\n<td>Sprawy organizacyjne, propozycje wsp&oacute;łpracy</td>\r\n<td><a href="mailto:biuro@jakprawnie.pl">biuro@jakprawnie.pl</a></td>\r\n</tr>\r\n<tr>\r\n<td>Biuro obsługi klienta</td>\r\n<td>korzystanie z serwisu, logowanie, płatności, faktury, logowanie</td>\r\n<td><a href="mailto:biuro@jakprawnie.pl">biuro@jakprawnie.pl</a></td>\r\n</tr>\r\n</tbody>\r\n</table>\r\n</div>'),
(36, 2, 'pl', 'meta_title', 'Kontakt'),
(37, 3, 'pl', 'title', 'Porada prawna'),
(38, 3, 'pl', 'text', '<p>Porada prawna</p>'),
(39, 3, 'pl', 'meta_title', 'Porada prawna'),
(40, 4, 'pl', 'title', 'Oferta dla firm'),
(41, 4, 'pl', 'text', '           <div class="offer-options">\r\n                    \r\n                    <div class="col-lg-3 col-md-3 col-sm-3 col-xs-6">\r\n                    <a href="#stala-obsluga">\r\n                        <div class="info">\r\nObsługa prawna firmy on-line to kompleksowy outsourcing usług prawnych.</div>\r\n                        <img class="image" src="/assets/img/stala-obsluga-img.png" alt="">\r\n                        \r\n                        <div class="box">\r\n                            \r\n                            <img class="icon" src="/assets/img/stala-obsluga-icon.png" alt="">\r\n                            \r\n                            <div class="line"></div>\r\n                            \r\n                            <h3>STAŁA OBSŁUGA</h3>\r\n                            \r\n                        </div>\r\n                        \r\n                    </a>\r\n                    </div>\r\n                    \r\n                    <div class="col-lg-3 col-md-3 col-sm-3 col-xs-6">\r\n                    <a href="#zlec-umowe">\r\n                                                <div class="info">\r\nSporządzenie odpowiedniej umowy to podstawa udanego biznesu.</div>\r\n                        <img class="image" src="/assets/img/zlec-umowe-img.png" alt="">\r\n                        \r\n                        <div class="box">\r\n                            \r\n                            <img class="icon" src="/assets/img/zlec-umowe-icon.png" alt="">\r\n                            \r\n                            <div class="line"></div>\r\n                            \r\n                            <h3>ZLEĆ UMOWĘ</h3>\r\n                            \r\n                        </div>\r\n                        \r\n                    </a>\r\n                    </div>\r\n                    \r\n                    <div class="col-lg-3 col-md-3 col-sm-3 col-xs-6">\r\n                    <a href="#e-porada">\r\n                                                       <div class="info">\r\nTo nic innego jak odpowiedź na zadane przez Ciebie pytanie prawne. </div>                 \r\n                        <img class="image" src="/assets/img/e-porada-img.png" alt="">\r\n                        \r\n                        <div class="box">\r\n                            \r\n                            <img class="icon" src="/assets/img/e-porada-icon.png" alt="">\r\n                            \r\n                            <div class="line"></div>\r\n                            \r\n                            <h3>E-PORADA</h3>\r\n                            \r\n                        </div>\r\n                        \r\n                    </a>\r\n                    </div>\r\n                    \r\n                    <div class="col-lg-3 col-md-3 col-sm-3 col-xs-6">\r\n                    <a href="#zlec-pismo">\r\n                                                           <div class="info">\r\nDostałeś pozew, nakaz zapłaty lub nie wiesz jak napisać skuteczne prawnie wezwanie do zapłaty? </div>                                \r\n                        <img class="image" src="/assets/img/zlec-pismo-img.png" alt="">\r\n                        \r\n                        <div class="box">\r\n                            \r\n                            <img class="icon" src="/assets/img/zlec-pismo-icon.png" alt="">\r\n                            \r\n                            <div class="line"></div>\r\n                            \r\n                            <h3>ZLEĆ PISMO</h3>\r\n                            \r\n                        </div>\r\n                        \r\n                    </a>\r\n                    </div>\r\n                    \r\n                    <div class="col-lg-3 col-md-3 col-sm-3 col-xs-6">\r\n                    <a href="#zlec-sprawe">\r\n                                                                            <div class="info">\r\nMasz sprawę w sądzie, a może chcesz dopiero założyć? </div>                \r\n                        <img class="image" src="/assets/img/zlec-sprawe-img.png" alt="">\r\n                        \r\n                        <div class="box">\r\n                            \r\n                            <img class="icon" src="/assets/img/zlec-sprawe-icon.png" alt="">\r\n                            \r\n                            <div class="line"></div>\r\n                            \r\n                            <h3>ZLEĆ SPRAWĘ</h3>\r\n                            \r\n                        </div>\r\n                        \r\n                    </a>\r\n                    </div>\r\n                    \r\n                    <div class="col-lg-3 col-md-3 col-sm-3 col-xs-6">\r\n                    <a href="#zakladanie-spolek">\r\n                                                                                  <div class="info">\r\nOferujemy pomoc w zakładaniu spółek prawa handlowego na terenie całej Polski.</div>                   \r\n                        <img class="image" src="/assets/img/zakladanie-spolek-img.png" alt="">\r\n                        \r\n                        <div class="box">\r\n                            \r\n                            <img class="icon" src="/assets/img/zakladanie-spolek-icon.png" alt="">\r\n                            \r\n                            <div class="line"></div>\r\n                            \r\n                            <h3>ZAKŁADANIE SPÓŁEK</h3>\r\n                            \r\n                        </div>\r\n                        \r\n                    </a>\r\n                    </div>\r\n                    \r\n                    <div class="col-lg-3 col-md-3 col-sm-3 col-xs-6">\r\n                    <a href="#regulaminy-giodo">\r\n                                                                                     <div class="info">\r\nCzy Twój sklep internetowy ma zgodny z prawem regulamin? </div>                             \r\n                        <img class="image" src="/assets/img/regulaminy-goido-img.png" alt="">\r\n                        \r\n                        <div class="box">\r\n                            \r\n                            <img class="icon" src="/assets/img/regulaminy-goido-icon.png" alt="">\r\n                            \r\n                            <div class="line"></div>\r\n                            \r\n                            <h3>REGULAMINY GIODO</h3>\r\n                            \r\n                        </div>\r\n                        \r\n                    </a>\r\n                    </div>\r\n                    \r\n                    <div class="col-lg-3 col-md-3 col-sm-3 col-xs-6">\r\n                    <a href="#windykacja">\r\n                                                                                              <div class="info">\r\nKonrahent zalega z płatnościami?</div>             \r\n       \r\n                        <img class="image" src="/assets/img/windykacja-img.png" alt="">\r\n                        \r\n                        <div class="box">\r\n                            \r\n                            <img class="icon" src="/assets/img/windykacja-icon.png" alt="">\r\n                            \r\n                            <div class="line"></div>\r\n                            \r\n                            <h3>WINDYKACJA</h3>\r\n                            \r\n                        </div>\r\n                        \r\n                    </a>\r\n                    </div>\r\n                    \r\n                </div>\r\n                \r\n                \r\n                <div class="offer-content">\r\n                    \r\n                    <div class="offer" id="stala-obsluga">\r\n                        \r\n                        <div class="col-lg-3 col-md-3 col-sm-3 col-xs-12">\r\n                            \r\n                            <img class="image" src="/assets/img/stala-obsluga-img.png" alt="">\r\n                            \r\n                            <div class="box">\r\n                                \r\n                                <img class="icon" src="/assets/img/stala-obsluga-icon.png" alt="">\r\n                            \r\n                                <div class="line"></div>\r\n\r\n                                <h3>STAŁA OBSŁUGA</h3>\r\n                                \r\n                            </div>\r\n                            \r\n                        </div>\r\n                        \r\n                        <div class="col-lg-8 col-md-8 col-sm-9 col-xs-12">\r\n                            \r\n                            <div class="des">\r\n                                Obsługa prawna firmy on-line to kompleksowy outsourcing usług prawnych. Oferujemy możliwość nawiązania  kontaktu z prawnikiem w dowolnej sprawie dotyczącej Twojej  firmy i w dogodnej  formie kontaktu telefonicznego lub mailowego a nawet videorozmowy. Uzyskanie porady prawnej w bieżących sprawach czy analiza projektu negocjowanej umowy jeszcze nigdy nie były tak proste. Wystarczy wysłanie maila lub telefon i w terminie od kilku godzin do 2-3 dni otrzymasz  rozwiązanie problemu czy odpowiedź na swoje pytanie. Stała obsługa to także możliwość zlecenia profesjonalnemu pełnomocnikowi prowadzenia sprawy sądowej, administracyjnej czy podatkowej, jak również prowadzenia negocjacji. Wystarczy opisanie problemu i przesłanie dokumentów w wersji elektronicznej i udzielenie pełnomocnictwa. Nie musisz planować w kalendarzu kilkugodzinnego spotkania w kancelarii znajdującej się na drugim końcu miasta. Prawnik znajduje się na wyciągnięcie telefonu o dogodnej dla Ciebie porze. Co ważne, nie wiążesz się przecież na zawsze, umowę o stałą obsługę możesz w każdej chwili rozwiązać.\r\n                            </div>\r\n                            \r\n                            <div class="steps">\r\n                                \r\n                                <div class="col-lg-3 col-md-3 col-sm-3 col-xs-3">\r\n                                    \r\n                                    <img src="/assets/img/oferta-przeslij.png" alt="">\r\n                                    <p><strong>1</strong> Morbi a mi quis</p>\r\n                                \r\n                                </div>\r\n                                \r\n                                <div class="col-lg-1 col-md-1 col-sm-1 col-xs-1"><img src="/assets/img/oferta-sep.png" alt=""></div>\r\n                                \r\n                                <div class="col-lg-3 col-md-3 col-sm-3 col-xs-3">\r\n                                    \r\n                                    <img src="/assets/img/oferta-opisz.png" alt="">\r\n                                    <p><strong>2</strong> Fusce euismod dignissim di</p>\r\n                                \r\n                                </div>\r\n                                \r\n                                <div class="col-lg-1 col-md-1 col-sm-1 col-xs-1"><img src="/assets/img/oferta-sep.png" alt=""></div>\r\n                                \r\n                                <div class="col-lg-3 col-md-3 col-sm-3 col-xs-3">\r\n                                    \r\n                                    <img src="/assets/img/oferta-wspolpraca.png" alt="">\r\n                                    <p><strong>3</strong> Fusce euismod dignissim di</p>\r\n                                \r\n                                </div>\r\n                                \r\n                            </div>\r\n                            \r\n                        </div>\r\n                        \r\n                    </div>\r\n                    \r\n                    \r\n                    <div class="offer" id="zlec-umowe">\r\n                        \r\n                        <div class="col-lg-3 col-md-3 col-sm-3 col-xs-12">\r\n                            \r\n                            <img class="image" src="/assets/img/zlec-umowe-img.png" alt="">\r\n                            \r\n                            <div class="box">\r\n                                \r\n                                <img class="icon" src="/assets/img/zlec-umowe-icon.png" alt="">\r\n                            \r\n                                <div class="line"></div>\r\n\r\n                                <h3>ZLEĆ UMOWĘ</h3>\r\n                                \r\n                            </div>\r\n                            \r\n                        </div>\r\n                        \r\n                        <div class="col-lg-8 col-md-8 col-sm-9 col-xs-12">\r\n                            \r\n                            <div class="des">\r\n                                Sporządzenie odpowiedniej umowy to podstawa udanego biznesu. Najistotniejszą kwestią jest zidentyfikowanie ryzyka, które może spowodować niepowodzenie interesu i straty zamiast spodziewanych zysków. Nasi prawnicy nie tylko przygotują dla Ciebie umowę, której potrzebujesz, ale także podpowiedzą i doradzą na co jeszcze powinieneś zwrócić uwagę w kontrakcie. Zamówienie na umowę jest bardzo proste:<br><br>\r\n                                •	Napisz czego oczekujesz i jakie warunki umowy Cię interesują. Jeśli nie wiesz na co zwrócić uwagę wystarczy zapytać,<br>\r\n                                •	Prześlij dokumenty (jeśli są potrzebne),<br>\r\n                                •	Odbierz Umowę.<br>\r\n\r\n                            </div>\r\n                            \r\n                            <div class="steps">\r\n                                \r\n                                <div class="col-lg-3 col-md-3 col-sm-3 col-xs-3">\r\n                                    \r\n                                    <img src="/assets/img/oferta-przeslij.png" alt="">\r\n                                    <p><strong>1</strong> Napisz czego oczekujesz </p>\r\n                                \r\n                                </div>\r\n                                \r\n                                <div class="col-lg-1 col-md-1 col-sm-1 col-xs-1"><img src="/assets/img/oferta-sep.png" alt=""></div>\r\n                                \r\n                                <div class="col-lg-3 col-md-3 col-sm-3 col-xs-3">\r\n                                    \r\n                                    <img src="/assets/img/oferta-osoby.png" alt="">\r\n                                    <p><strong>2</strong> Prześlij dokumenty </p>\r\n                                \r\n                                </div>\r\n                                \r\n                                <div class="col-lg-1 col-md-1 col-sm-1 col-xs-1"><img src="/assets/img/oferta-sep.png" alt=""></div>\r\n                                \r\n                                <div class="col-lg-3 col-md-3 col-sm-3 col-xs-3">\r\n                                    \r\n                                    <img src="/assets/img/oferta-podpisz.png" alt="">\r\n                                    <p><strong>3</strong> Odbierz Umowę</p>\r\n                                \r\n                                </div>\r\n                                \r\n                            </div>\r\n                            \r\n                        </div>\r\n                        \r\n                    </div>\r\n                    \r\n                     \r\n                    <div class="offer" id="e-porada">\r\n                        \r\n                        <div class="col-lg-3 col-md-3 col-sm-3 col-xs-12">\r\n                            \r\n                            <img class="image" src="/assets/img/e-porada-img.png" alt="">\r\n                            \r\n                            <div class="box">\r\n                                \r\n                                <img class="icon" src="/assets/img/e-porada-icon.png" alt="">\r\n                            \r\n                                <div class="line"></div>\r\n\r\n                                <h3>E-PORADA</h3>\r\n                                \r\n                            </div>\r\n                            \r\n                        </div>\r\n                        \r\n                        <div class="col-lg-8 col-md-8 col-sm-9 col-xs-12">\r\n                            \r\n                            <div class="des">\r\n                                To nic innego jak odpowiedź na zadane przez Ciebie pytanie prawne. Bez nieinteresujących się wywodów prawnych, prezentowania stanowisk doktryny i orzecznictwa wskażemy odpowiedź na Twoje pytanie czy rozwiązanie Twojego problemu z podaniem podstaw prawnych. Jeśli sprawa nadal będzie niejasna w cenie możesz zadać dodatkowe pytania doprecyzowujące bez dodatkowych opłat.\r\n                                <br><br>•	Opisz problem i zadaj pytania,\r\n                                <br>•	Prześlij dokumenty (jeśli będą potrzebne),\r\n                                <br>•	Odbierz odpowiedź\r\n\r\n                            </div>\r\n                            \r\n                            <div class="steps">\r\n                                \r\n                                <div class="col-lg-3 col-md-3 col-sm-3 col-xs-3">\r\n                                    \r\n                                    <img src="/assets/img/oferta-przeslij.png" alt="">\r\n                                    <p><strong>1</strong> Prześlij dokumenty</p>\r\n                                \r\n                                </div>\r\n                                \r\n                                <div class="col-lg-1 col-md-1 col-sm-1 col-xs-1"><img src="/assets/img/oferta-sep.png" alt=""></div>\r\n                                \r\n                                <div class="col-lg-3 col-md-3 col-sm-3 col-xs-3">\r\n                                    \r\n                                    <img src="/assets/img/oferta-osoby.png" alt="">\r\n                                    <p><strong>2</strong> Opisz problem</p>\r\n                                \r\n                                </div>\r\n                                \r\n                                <div class="col-lg-1 col-md-1 col-sm-1 col-xs-1"><img src="/assets/img/oferta-sep.png" alt=""></div>\r\n                                \r\n                                <div class="col-lg-3 col-md-3 col-sm-3 col-xs-3">\r\n                                    \r\n                                    <img src="/assets/img/oferta-czekaj.png" alt="">\r\n                                    <p><strong>3</strong> Poczekaj na wycenę</p>\r\n                                \r\n                                </div>\r\n                                \r\n                            </div>\r\n                            \r\n                        </div>\r\n                        \r\n                    </div>\r\n                    \r\n                    <div class="offer" id="zlec-pismo">\r\n                        \r\n                        <div class="col-lg-3 col-md-3 col-sm-3 col-xs-12">\r\n                            \r\n                            <img class="image" src="/assets/img/zlec-pismo-img.png" alt="">\r\n                            \r\n                            <div class="box">\r\n                                \r\n                                <img class="icon" src="/assets/img/zlec-pismo-icon.png" alt="">\r\n                            \r\n                                <div class="line"></div>\r\n\r\n                                <h3>ZLEĆ PISMO</h3>\r\n                                \r\n                            </div>\r\n                            \r\n                        </div>\r\n                        \r\n                        <div class="col-lg-8 col-md-8 col-sm-9 col-xs-12">\r\n                            \r\n                            <div class="des">\r\n                                Dostałeś pozew, nakaz zapłaty lub nie wiesz jak napisać skuteczne  wezwanie do zapłaty? Jeśli z jakichś powodów nie chcesz zlecać prawnikowi prowadzenia całej sprawy od początku zleć napisanie pisma:<br><br>\r\n                                •	Opisz sprawę i napisz czego oczekujesz lub jaki efekt chciałbyś osiągnąć,<br>\r\n                                •	Prześlij dokumenty,<br>\r\n                                •	Odbierz pismo.<br>\r\n\r\n                            </div>\r\n                            \r\n                            <div class="steps">\r\n                                \r\n                                <div class="col-lg-3 col-md-3 col-sm-3 col-xs-3">\r\n                                    \r\n                                    <img src="/assets/img/oferta-przeslij.png" alt="">\r\n                                    <p><strong>1</strong> Prześlij dokumenty</p>\r\n                                \r\n                                </div>\r\n                                \r\n                                <div class="col-lg-1 col-md-1 col-sm-1 col-xs-1"><img src="/assets/img/oferta-sep.png" alt=""></div>\r\n                                \r\n                                <div class="col-lg-3 col-md-3 col-sm-3 col-xs-3">\r\n                                    \r\n                                    <img src="/assets/img/oferta-osoby.png" alt="">\r\n                                    <p><strong>2</strong> Opisz problem</p>\r\n                                \r\n                                </div>\r\n                                \r\n                                <div class="col-lg-1 col-md-1 col-sm-1 col-xs-1"><img src="/assets/img/oferta-sep.png" alt=""></div>\r\n                                \r\n                                <div class="col-lg-3 col-md-3 col-sm-3 col-xs-3">\r\n                                    \r\n                                    <img src="/assets/img/oferta-pobierz.png" alt="">\r\n                                    <p><strong>3</strong> Odbierz pismo</p>\r\n                                \r\n                                </div>\r\n                                \r\n                            </div>\r\n                            \r\n                        </div>\r\n                        \r\n                    </div>\r\n                    \r\n                    \r\n                    <div class="offer" id="zlec-sprawe">\r\n                        \r\n                        <div class="col-lg-3 col-md-3 col-sm-3 col-xs-12">\r\n                            \r\n                            <img class="image" src="/assets/img/zlec-sprawe-img.png" alt="">\r\n                            \r\n                            <div class="box">\r\n                                \r\n                                <img class="icon" src="/assets/img/zlec-sprawe-icon.png" alt="">\r\n                            \r\n                                <div class="line"></div>\r\n\r\n                                <h3>ZLEĆ SPRAWĘ</h3>\r\n                                \r\n                            </div>\r\n                            \r\n                        </div>\r\n                        \r\n                        <div class="col-lg-8 col-md-8 col-sm-9 col-xs-12">\r\n                            \r\n                            <div class="des">\r\n                                Masz sprawę w sądzie, a może chcesz dopiero założyć?<br>\r\n                                <br><br>Oferujemy prowadzenie spraw przed sądami na terenie całego kraju przez profesjonalnych pełnomocników adwokatów lub radców prawnych. Prowadzimy sprawy karne, cywilne, administracyjne, pracownicze, spadkowe, rozwodowe, oraz rodzinne. Nasz zespół to wykwalifikowani radcowie prawni i adwokaci - gwarantujemy fachowość i rzetelność usług.\r\n                                <br><br>Jak zlecić sprawę?\r\n                                <br>1.Dokładnie opisz sprawę, w której potrzebujesz naszej pomocy prawnej,\r\n                                <br>2. Dostarcz nam szczegółowe informacje i dokumenty, dotyczące Twojej sprawy,\r\n                                <br>3. Przedstawimy Ci możliwe rozwiązania, wycenimy prowadzenie sprawy,\r\n                                <br>4. Udziel pełnomocnictwa radcy prawnemu lub adwokatowi,\r\n                                <br>5. Mozemy reprezentować Cię przed sądem!\r\n\r\n\r\n                            </div>\r\n                            \r\n                            <div class="steps">\r\n                                \r\n                                <div class="col-lg-3 col-md-3 col-sm-3 col-xs-3">\r\n                                    \r\n                                    <img src="/assets/img/oferta-przeslij.png" alt="">\r\n                                    <p><strong>1</strong> Prześlij dokumenty</p>\r\n                                \r\n                                </div>\r\n                                \r\n                                <div class="col-lg-1 col-md-1 col-sm-1 col-xs-1"><img src="/assets/img/oferta-sep.png" alt=""></div>\r\n                                \r\n                                <div class="col-lg-3 col-md-3 col-sm-3 col-xs-3">\r\n                                    \r\n                                    <img src="/assets/img/oferta-osoby.png" alt="">\r\n                                    <p><strong>2</strong> Opisz problem</p>\r\n                                \r\n                                </div>\r\n                                \r\n                                <div class="col-lg-1 col-md-1 col-sm-1 col-xs-1"><img src="/assets/img/oferta-sep.png" alt=""></div>\r\n                                \r\n                                <div class="col-lg-3 col-md-3 col-sm-3 col-xs-3">\r\n                                    \r\n                                    <img src="/assets/img/oferta-podpisz.png" alt="">\r\n                                    <p><strong>3</strong> Podpisz pełnomocnictwo</p>\r\n                                \r\n                                </div>\r\n                                \r\n                            </div>\r\n                            \r\n                        </div>\r\n                        \r\n                    </div>\r\n                    \r\n                    \r\n                    \r\n                    <div class="offer" id="zakladanie-spolek">\r\n                        \r\n                        <div class="col-lg-3 col-md-3 col-sm-3 col-xs-12">\r\n                            \r\n                            <img class="image" src="/assets/img/zakladanie-spolek-img.png" alt="">\r\n                            \r\n                            <div class="box">\r\n                                \r\n                                <img class="icon" src="/assets/img/zakladanie-spolek-icon.png" alt="">\r\n                            \r\n                                <div class="line"></div>\r\n\r\n                                <h3>ZAKŁADANIE SPÓŁEK</h3>\r\n                                \r\n                            </div>\r\n                            \r\n                        </div>\r\n                        \r\n                        <div class="col-lg-8 col-md-8 col-sm-9 col-xs-12">\r\n                            \r\n                            <div class="des">\r\n                                Oferujemy pomoc w zakładaniu  spółek prawa handlowego na terenie całej Polski. Dzięki naszej pomocy szybko i bez zbędnych formalności założysz:\r\n                                spółkę z.o.o., spółke komandytową, spółkę jawną, spółke partnerską oraz spółkę akcyjną.\r\n                               <br><br>Nasza oferta objemuje doradztwo prawne już od pierwszych kroków:\r\n                               <br>1. doradzamy w wyborze odpowiedniej formy działalności,\r\n                               <br>2. przygotowujemy wszystkie dokumenty - wtsraczy je podpisać!\r\n                               <br>3. umawiamy spotkania u notariusza  - współpracujemy z notariuszami w całej Polsce!\r\n                               <br>4. składamy dokument w sądzie i monitorujemy proces rejestracji,\r\n                               <br>5.  rejestrujemy w Urzędzie Skarbowym celem otrzymania nr NIP,\r\n                               <br>6. rejestrujemy w GUSie celem otrzymania nr REGON\r\n                                to wszystko zrobimy za Ciebie!\r\n                                <br>Dzięki naszej usłudze masz pewność, iż rejestracja spółki zakoczy się sukcesem  przy Twoim minimalnym dziale.\r\n                                <br><br>Cennik:\r\n                                    <br>spółka jawna – od 950 zł\r\n                                    <br>spółka partnerska – od 990 zł\r\n                                    <br>spółka komandytowa – od 1400 zł\r\n                                    <br>spółka z o.o. – od 550 zł\r\n                                    <br>spółka z o.o.  sp.k. – od 1950 zł\r\n                                    <br>spółka akcyjna – od 1650 zł\r\n                                    <br>oddział przedsiębiorcy zagranicznego w Polsce – od 1900 zł\r\n                                 <br>dodatkowe prace zlecone przez Klienta – od 120 zł/h\r\n                                <br><br>Wszystkie podane ceny są cenami netto.\r\n\r\n                            </div>\r\n                            \r\n                            <div class="steps">\r\n                                \r\n                                <div class="col-lg-3 col-md-3 col-sm-3 col-xs-3">\r\n                                    \r\n                                    <img src="/assets/img/oferta-przeslij.png" alt="">\r\n                                    <p><strong>1</strong> Morbi a mi quis</p>\r\n                                \r\n                                </div>\r\n                                \r\n                                <div class="col-lg-1 col-md-1 col-sm-1 col-xs-1"><img src="/assets/img/oferta-sep.png" alt=""></div>\r\n                                \r\n                                <div class="col-lg-3 col-md-3 col-sm-3 col-xs-3">\r\n                                    \r\n                                    <img src="/assets/img/oferta-opisz.png" alt="">\r\n                                    <p><strong>2</strong> Fusce euismod dignissim di</p>\r\n                                \r\n                                </div>\r\n                                \r\n                                <div class="col-lg-1 col-md-1 col-sm-1 col-xs-1"><img src="/assets/img/oferta-sep.png" alt=""></div>\r\n                                \r\n                                <div class="col-lg-3 col-md-3 col-sm-3 col-xs-3">\r\n                                    \r\n                                    <img src="/assets/img/oferta-wspolpraca.png" alt="">\r\n                                    <p><strong>3</strong> Fusce euismod dignissim di</p>\r\n                                \r\n                                </div>\r\n                                \r\n                            </div>\r\n                            \r\n                        </div>\r\n                        \r\n                    </div>\r\n                    \r\n                    \r\n                    <div class="offer" id="regulaminy-giodo">\r\n                        \r\n                        <div class="col-lg-3 col-md-3 col-sm-3 col-xs-12">\r\n                            \r\n                            <img class="image" src="/assets/img/regulaminy-goido-img.png" alt="">\r\n                            \r\n                            <div class="box">\r\n                                \r\n                                <img class="icon" src="/assets/img/regulaminy-goido-icon.png" alt="">\r\n                            \r\n                                <div class="line"></div>\r\n\r\n                                <h3>REGULAMINY GIODO</h3>\r\n                                \r\n                            </div>\r\n                            \r\n                        </div>\r\n                        \r\n                        <div class="col-lg-8 col-md-8 col-sm-9 col-xs-12">\r\n                            \r\n                            <div class="des">\r\n                                Czy Twój sklep internetowy ma zgodny z prawem regulamin?\r\n                                <br><br>Wszystkie sklepy  internetowe mają obowiązek dostosować swoją działalność do nowych regulacji prawnych, które weszły w życie od 25 grudnia 2014 r.  Jeżeli regulamin Twojego sklepu nie odpowiada w pełni nowym regulacjom możesz liczyć się z ryzykiem nałożenia kar urzędowych oraz roszczeniami ze strony klientów, kara grzywny może wynosić nawet  do 5 000 zł!\r\n                               <br><br>Jak możemy Ci pomóc?\r\n                               <br>1.  przeprowadzimy darmowy audyt Twojej strony - powiadomimy Cię o jego wyniku!\r\n                               <br>2. zweryfikujemy regulamin czy  zawiera klauzule niedozwolone i  czy posiada wszystkie wymagane informacje wynikające z nowej ustawy,\r\n                               <br>3. sprawdzimy stronę sklepu czy spełnia wymogi informacyjne wobec konsumentów,\r\n                               <br>4. Poinformujemy Cię o wszystkich nieprawidłowościach i zaproponujemy zgodne z prawem zmiany.\r\n                               <br>\r\n                               <br><br>Jeśli posiadasz sklep internetowy Twoim obowiązkiem jest również   zgłaszanie zbiorów danych osobowych do rejestracji  GIODO. W ramach naszych usług oferujemy:\r\n                               <br>1. przygotowanie wniosku o rejestrację zbioru danych osobowych,\r\n                               <br>2. przygotowanie Polityki bezpieczeństwa,\r\n                               <br>3. przygotowanie Instrukcji zarządzania systemem służącym do przetwarzania danych osobowych,\r\n                               <br>4. przygotowanie ewidencji osób uprawnionych do przetwarzania danych,\r\n                               <br>5. przygotowanie formularzy upoważnień dla osób, którym mają zostać nadane uprawnienia dostępowe,\r\n                               <br>6. przygotowanie umowy powierzenia przetwarzania danych osobowych (jeżeli będzie potrzebna).\r\n                               <br><br>Cena\r\n                               799 zł + VAT\r\n\r\n                            </div>\r\n                            \r\n                            <div class="steps">\r\n                                \r\n                                <div class="col-lg-3 col-md-3 col-sm-3 col-xs-3">\r\n                                    \r\n                                    <img src="/assets/img/oferta-przeslij.png" alt="">\r\n                                    <p><strong>1</strong> Morbi a mi quis</p>\r\n                                \r\n                                </div>\r\n                                \r\n                                <div class="col-lg-1 col-md-1 col-sm-1 col-xs-1"><img src="/assets/img/oferta-sep.png" alt=""></div>\r\n                                \r\n                                <div class="col-lg-3 col-md-3 col-sm-3 col-xs-3">\r\n                                    \r\n                                    <img src="/assets/img/oferta-opisz.png" alt="">\r\n                                    <p><strong>2</strong> Fusce euismod dignissim di</p>\r\n                                \r\n                                </div>\r\n                                \r\n                                <div class="col-lg-1 col-md-1 col-sm-1 col-xs-1"><img src="/assets/img/oferta-sep.png" alt=""></div>\r\n                                \r\n                                <div class="col-lg-3 col-md-3 col-sm-3 col-xs-3">\r\n                                    \r\n                                    <img src="/assets/img/oferta-licytacja.png" alt="">\r\n                                    <p><strong>3</strong> Fusce euismod dignissim di</p>\r\n                                \r\n                                </div>\r\n                                \r\n                            </div>\r\n                            \r\n                        </div>\r\n                        \r\n                    </div>\r\n                    \r\n                    \r\n                    <div class="offer" id="windykacja">\r\n                        \r\n                        <div class="col-lg-3 col-md-3 col-sm-3 col-xs-12">\r\n                            \r\n                            <img class="image" src="/assets/img/windykacja-img.png" alt="">\r\n                            \r\n                            <div class="box">\r\n                                \r\n                                <img class="icon" src="/assets/img/windykacja-icon.png" alt="">\r\n                            \r\n                                <div class="line"></div>\r\n\r\n                                <h3>WINDYKACJA</h3>\r\n                                \r\n                            </div>\r\n                            \r\n                        </div>\r\n                        \r\n                        <div class="col-lg-8 col-md-8 col-sm-9 col-xs-12">\r\n                            \r\n                            <div class="des">\r\n                                <br>Kontrahent zalega z płatnościami? Częstym problemem w każdym biznesie są nierzetelni kontrahenci, którzy notorycznie zalegają z płatnościami lub ich w ogóle nie realizują. Jeżeli Twoje telefony, maile i ponaglenia nie przynoszą rezultatu skorzystaj z profesjonalnej i skutecznej pomocy prawnej w zakresie windykacji. \r\n                                <br><br>Prowadzimy sprawy zarówno na etapie przedsądowym jak i sądowym. Podejmiemy następujące działania:\r\n                                <br>- kontakt telefoniczny,\r\n                                <br>- wezwania do zapłaty,\r\n                                <br>- negocjacje z dłużnikiem,\r\n                                <br>- prowadzenie spraw i reprezentacja w postępowaniu sądowym i egzekucyjnym.\r\n                                <br><br>Wszystkie czynności windykacyjne są wykonywane z zachowaniem najwyższych standardów etycznych i prawnych.\r\n\r\n                            </div>\r\n                            \r\n                            <div class="steps">\r\n                                \r\n                                <div class="col-lg-3 col-md-3 col-sm-3 col-xs-3">\r\n                                    \r\n                                    <img src="/assets/img/oferta-przeslij.png" alt="">\r\n                                    <p><strong>1</strong> Morbi a mi quis</p>\r\n                                \r\n                                </div>\r\n                                \r\n                                <div class="col-lg-1 col-md-1 col-sm-1 col-xs-1"><img src="/assets/img/oferta-sep.png" alt=""></div>\r\n                                \r\n                                <div class="col-lg-3 col-md-3 col-sm-3 col-xs-3">\r\n                                    \r\n                                    <img src="/assets/img/oferta-opisz.png" alt="">\r\n                                    <p><strong>2</strong> Fusce euismod dignissim di</p>\r\n                                \r\n                                </div>\r\n                                \r\n                                <div class="col-lg-1 col-md-1 col-sm-1 col-xs-1"><img src="/assets/img/oferta-sep.png" alt=""></div>\r\n                                \r\n                                <div class="col-lg-3 col-md-3 col-sm-3 col-xs-3">\r\n                                    \r\n                                    <img src="/assets/img/oferta-prawo.png" alt="">\r\n                                    <p><strong>3</strong> Fusce euismod dignissim di</p>\r\n                                \r\n                                </div>\r\n                                \r\n                            </div>\r\n                            \r\n                        </div>\r\n                        \r\n                    </div>\r\n                    \r\n                </div></div>\r\n\r\n<a href="#" id="back-to-top" title="Powrót do góry"><i class="fa fa-caret-up"></i></a> '),
(42, 4, 'pl', 'meta_title', 'Oferta'),
(43, 5, 'pl', 'title', 'Oferta dla osób fizycznych');
INSERT INTO `page_translate` (`id`, `foreign_id`, `lang`, `key`, `value`) VALUES
(44, 5, 'pl', 'text', '<div class="offer-options">\r\n\r\n\r\n    <div class="col-lg-3 col-md-3 col-sm-3 col-xs-6">\r\n        <a href="#e-porada">\r\n<div class="info">To nic innego jak odpowiedź na zadane przez Ciebie pytanie prawne. </div>\r\n            <img class="image" src="/assets/img/e-porada-img.png" alt="">\r\n\r\n            <div class="box">\r\n\r\n                <img class="icon" src="/assets/img/e-porada-icon.png" alt="">\r\n\r\n                <div class="line"></div>\r\n\r\n                <h3>E-PORADA</h3>\r\n\r\n            </div>\r\n\r\n        </a>\r\n    </div>\r\n\r\n    <div class="col-lg-3 col-md-3 col-sm-3 col-xs-6">\r\n        <a href="#zlec-pismo">\r\n<div class="info">\r\nDostałeś pozew, nakaz zapłaty lub nie wiesz jak napisać skuteczne  wezwanie do zapłaty?</div>\r\n\r\n            <img class="image" src="/assets/img/zlec-pismo-img.png" alt="">\r\n\r\n            <div class="box">\r\n\r\n                <img class="icon" src="/assets/img/zlec-pismo-icon.png" alt="">\r\n\r\n                <div class="line"></div>\r\n\r\n                <h3>ZLEĆ PISMO</h3>\r\n\r\n            </div>\r\n\r\n        </a>\r\n    </div>\r\n\r\n    <div class="col-lg-3 col-md-3 col-sm-3 col-xs-6">\r\n        <a href="#zlec-sprawe">\r\n<div class="info">\r\nMasz sprawę w sądzie, a może chcesz dopiero założyć?</div>\r\n\r\n            <img class="image" src="/assets/img/zlec-sprawe-img.png" alt="">\r\n\r\n            <div class="box">\r\n\r\n                <img class="icon" src="/assets/img/zlec-sprawe-icon.png" alt="">\r\n\r\n                <div class="line"></div>\r\n\r\n                <h3>ZLEĆ SPRAWĘ</h3>\r\n\r\n            </div>\r\n\r\n        </a>\r\n    </div>\r\n\r\n\r\n\r\n</div>\r\n\r\n\r\n\r\n\r\n<div class="offer-content">\r\n<div class="offer" id="e-porada">\r\n\r\n    <div class="col-lg-3 col-md-3 col-sm-3 col-xs-12">\r\n\r\n        <img class="image" src="/assets/img/e-porada-img.png" alt="">\r\n\r\n        <div class="box">\r\n\r\n            <img class="icon" src="/assets/img/e-porada-icon.png" alt="">\r\n\r\n            <div class="line"></div>\r\n\r\n            <h3>E-PORADA</h3>\r\n\r\n        </div>\r\n\r\n    </div>\r\n\r\n    <div class="col-lg-8 col-md-8 col-sm-9 col-xs-12">\r\n\r\n        <div class="des">\r\n            To nic innego jak odpowiedź na zadane przez Ciebie pytanie prawne. Bez nieinteresujących się wywodów prawnych, prezentowania stanowisk doktryny i orzecznictwa wskażemy odpowiedź na Twoje pytanie czy rozwiązanie Twojego problemu z podaniem podstaw prawnych. Jeśli sprawa nadal będzie niejasna w cenie możesz zadać dodatkowe pytania doprecyzowujące bez dodatkowych opłat.\r\n            <br><br>•	Opisz problem i zadaj pytania,\r\n            <br>•	Prześlij dokumenty (jeśli będą potrzebne),\r\n            <br>•	Odbierz odpowiedź\r\n\r\n        </div>\r\n\r\n        <div class="steps">\r\n\r\n            <div class="col-lg-3 col-md-3 col-sm-3 col-xs-3">\r\n\r\n                <img src="/assets/img/oferta-przeslij.png" alt="">\r\n                <p><strong>1</strong> Prześlij dokumenty</p>\r\n\r\n            </div>\r\n\r\n            <div class="col-lg-1 col-md-1 col-sm-1 col-xs-1"><img src="/assets/img/oferta-sep.png" alt=""></div>\r\n\r\n            <div class="col-lg-3 col-md-3 col-sm-3 col-xs-3">\r\n\r\n                <img src="/assets/img/oferta-osoby.png" alt="">\r\n                <p><strong>2</strong> Opisz problem</p>\r\n\r\n            </div>\r\n\r\n            <div class="col-lg-1 col-md-1 col-sm-1 col-xs-1"><img src="/assets/img/oferta-sep.png" alt=""></div>\r\n\r\n            <div class="col-lg-3 col-md-3 col-sm-3 col-xs-3">\r\n\r\n                <img src="/assets/img/oferta-czekaj.png" alt="">\r\n                <p><strong>3</strong> Poczekaj na wycenę</p>\r\n\r\n            </div>\r\n\r\n        </div>\r\n\r\n    </div>\r\n\r\n</div>\r\n\r\n<div class="offer" id="zlec-pismo">\r\n\r\n    <div class="col-lg-3 col-md-3 col-sm-3 col-xs-12">\r\n        <img class="image" src="/assets/img/zlec-pismo-img.png" alt="">\r\n\r\n        <div class="box">\r\n\r\n            <img class="icon" src="/assets/img/zlec-pismo-icon.png" alt="">\r\n\r\n            <div class="line"></div>\r\n\r\n            <h3>ZLEĆ PISMO</h3>\r\n\r\n        </div>\r\n\r\n    </div>\r\n\r\n    <div class="col-lg-8 col-md-8 col-sm-9 col-xs-12">\r\n\r\n        <div class="des">\r\n            Dostałeś pozew, nakaz zapłaty lub nie wiesz jak napisać skuteczne  wezwanie do zapłaty? Jeśli z jakichś powodów nie chcesz zlecać prawnikowi prowadzenia całej sprawy od początku, zleć napisanie pisma:<br><br>\r\n            •	Opisz sprawę i napisz czego oczekujesz lub jaki efekt chciałbyś osiągnąć,<br>\r\n            •	Prześlij dokumenty,<br>\r\n            •	Odbierz pismo.<br>\r\n\r\n        </div>\r\n\r\n        <div class="steps">\r\n\r\n            <div class="col-lg-3 col-md-3 col-sm-3 col-xs-3">\r\n\r\n                <img src="/assets/img/oferta-przeslij.png" alt="">\r\n                <p><strong>1</strong> Prześlij dokumenty</p>\r\n\r\n            </div>\r\n\r\n            <div class="col-lg-1 col-md-1 col-sm-1 col-xs-1"><img src="/assets/img/oferta-sep.png" alt=""></div>\r\n\r\n            <div class="col-lg-3 col-md-3 col-sm-3 col-xs-3">\r\n\r\n                <img src="/assets/img/oferta-osoby.png" alt="">\r\n                <p><strong>2</strong> Opisz problem</p>\r\n\r\n            </div>\r\n\r\n            <div class="col-lg-1 col-md-1 col-sm-1 col-xs-1"><img src="/assets/img/oferta-sep.png" alt=""></div>\r\n\r\n            <div class="col-lg-3 col-md-3 col-sm-3 col-xs-3">\r\n\r\n                <img src="/assets/img/oferta-pobierz.png" alt="">\r\n                <p><strong>3</strong> Odbierz pismo</p>\r\n\r\n            </div>\r\n\r\n        </div>\r\n\r\n    </div>\r\n\r\n</div>\r\n\r\n\r\n<div class="offer" id="zlec-sprawe">\r\n\r\n    <div class="col-lg-3 col-md-3 col-sm-3 col-xs-12">\r\n\r\n        <img class="image" src="/assets/img/zlec-sprawe-img.png" alt="">\r\n\r\n        <div class="box">\r\n\r\n            <img class="icon" src="/assets/img/zlec-sprawe-icon.png" alt="">\r\n\r\n            <div class="line"></div>\r\n\r\n            <h3>ZLEĆ SPRAWĘ</h3>\r\n\r\n        </div>\r\n\r\n    </div>\r\n\r\n    <div class="col-lg-8 col-md-8 col-sm-9 col-xs-12">\r\n\r\n        <div class="des">\r\n            Masz sprawę w sądzie, a może chcesz dopiero założyć?<br>\r\n            <br><br>Oferujemy prowadzenie spraw przed sądami na terenie całego kraju przez profesjonalnych pełnomocników  adwokatów lub radców prawnych. Prowadzimy sprawy karne, cywilne, administracyjne, pracownicze, spadkowe, rozwodowe, oraz rodzinne. Nasz zespół to wykwalifikowani radcowie prawni i adwokaci - gwarantujemy fachowość i rzetelność usług.\r\n            <br><br>Jak zlecić sprawę?\r\n            <br>1.Dokładnie opisz sprawę, w której potrzebujesz naszej pomocy prawnej,\r\n            <br>2. Dostarcz nam szczegółowe informacje i dokumenty, dotyczące Twojej sprawy,\r\n            <br>3. Przedstawimy Ci możliwe rozwiązania, wycenimy prowadzenie sprawy,\r\n            <br>4. Udziel pełnomocnictwa radcy prawnemu lub adwokatowi,\r\n            <br>5. Możemy reprezentować Cię przed sądem!\r\n\r\n\r\n        </div>\r\n\r\n        <div class="steps">\r\n\r\n            <div class="col-lg-3 col-md-3 col-sm-3 col-xs-3">\r\n\r\n                <img src="/assets/img/oferta-przeslij.png" alt="">\r\n                <p><strong>1</strong> Prześlij dokumenty</p>\r\n\r\n            </div>\r\n\r\n            <div class="col-lg-1 col-md-1 col-sm-1 col-xs-1"><img src="/assets/img/oferta-sep.png" alt=""></div>\r\n\r\n            <div class="col-lg-3 col-md-3 col-sm-3 col-xs-3">\r\n\r\n                <img src="/assets/img/oferta-osoby.png" alt="">\r\n                <p><strong>2</strong> Opisz problem</p>\r\n\r\n            </div>\r\n\r\n            <div class="col-lg-1 col-md-1 col-sm-1 col-xs-1"><img src="/assets/img/oferta-sep.png" alt=""></div>\r\n\r\n            <div class="col-lg-3 col-md-3 col-sm-3 col-xs-3">\r\n\r\n                <img src="/assets/img/oferta-podpisz.png" alt="">\r\n                <p><strong>3</strong> Podpisz pełnomocnictwo</p>\r\n\r\n            </div>\r\n\r\n        </div>\r\n\r\n    </div>\r\n\r\n</div>\r\n\r\n\r\n\r\n</div>\r\n\r\n<a href="#" id="back-to-top" title="Powrót do góry"><i class="fa fa-caret-up"></i></a> '),
(45, 5, 'pl', 'meta_title', 'Oferta dla osób fizycznych'),
(46, 4, 'pl', 'meta_description', ''),
(47, 4, 'pl', 'meta_keywords', ''),
(48, 5, 'pl', 'meta_description', ''),
(49, 5, 'pl', 'meta_keywords', '');

-- --------------------------------------------------------

--
-- Struktura tabeli dla tabeli `publication`
--

CREATE TABLE IF NOT EXISTS `publication` (
  `id` int(11) NOT NULL,
  `type_id` int(11) DEFAULT NULL,
  `slug` varchar(255) DEFAULT NULL,
  `created_at` datetime DEFAULT NULL,
  `updated_at` datetime DEFAULT NULL,
  `date` datetime DEFAULT NULL,
  `preview_inner` enum('1','0') DEFAULT '1',
  `preview_src` varchar(255) DEFAULT NULL,
  `comments_enabled` tinyint(1) NOT NULL DEFAULT '0',
  `paid_content` tinyint(1) NOT NULL DEFAULT '0',
  `user_id` int(11) NOT NULL,
  `category_id` int(11) NOT NULL,
  `status` enum('publish','draft','archive','trash') NOT NULL DEFAULT 'draft',
  `counter` int(11) DEFAULT NULL
) ENGINE=InnoDB AUTO_INCREMENT=64 DEFAULT CHARSET=utf8;

--
-- Zrzut danych tabeli `publication`
--

INSERT INTO `publication` (`id`, `type_id`, `slug`, `created_at`, `updated_at`, `date`, `preview_inner`, `preview_src`, `comments_enabled`, `paid_content`, `user_id`, `category_id`, `status`, `counter`) VALUES
(32, 2, 'kiedy-organizacja-meczu-lub-imprezy-rozrywkowej-oznacza-organizacje-imprezy-masowej', '2015-12-28 14:42:29', '2016-01-08 16:07:23', '2015-12-28 14:42:29', '1', 'img/original/publication/0/32.jpg', 1, 0, 1, 0, 'publish', 29),
(33, 2, 'prawo-do-pomy-ki-czyli-kiedy-mozna-powo-ywac-sie-na-b-ad-w-oswiadczeniu-woli', '2015-12-28 15:06:00', '2015-12-30 21:34:16', '2015-12-28 15:06:00', '1', 'img/original/publication/0/33.jpg', 1, 0, 1, 0, 'publish', 14),
(34, 2, 'czy-mozna-potracic-z-wynagrodzenia-pracownika-koszt-po-aczen-z-telefonu-s-uzbowego-po-przekroczeniu-przyznanego-pracownikowi-limitu-po-aczen', '2015-12-28 15:16:23', '2016-01-07 08:13:26', '2015-12-28 15:16:23', '1', 'img/original/publication/0/34.jpg', 1, 0, 1, 55, 'publish', 32),
(35, 2, 'czy-na-s-upie-na-dzia-ce-mozna-zarobic', '2015-12-28 15:42:23', '2015-12-31 16:05:20', '2015-12-28 15:42:23', '1', 'img/original/publication/0/35.jpg', 1, 0, 1, 0, 'publish', 13),
(36, 2, 'ile-wynosi-wynagrodzenie-za-ustanowienie-s-uzebnosci-drogi-koniecznej', '2015-12-28 15:45:17', '2016-01-01 08:10:33', '2015-12-28 15:45:17', '1', 'img/original/publication/0/36.jpg', 1, 0, 1, 0, 'publish', 18),
(37, 2, 'czy-wierzyciel-zawsze-moze-wskazac-nowy-podmiot-na-rzecz-ktorego-musimy-sp-acic-nasz-d-ug', '2015-12-28 15:49:46', '2016-01-07 13:45:31', '2015-12-28 15:49:46', '1', 'img/original/publication/0/37.jpg', 1, 0, 1, 0, 'publish', 13),
(38, 2, 'obrona-konieczna-oczywistosc-niekoniecznie-jasna', '2015-12-29 10:28:17', '2016-01-05 16:37:49', '2015-12-29 10:28:17', '1', 'img/original/publication/0/38.jpg', 1, 0, 4, 125, 'publish', 33),
(39, 2, 'referendum-niedoceniana-forma-demokracji', '2015-12-29 11:06:08', '2016-01-04 18:47:53', '2015-12-29 11:06:08', '1', 'img/original/publication/0/39.jpg', 1, 0, 4, 0, 'publish', 23),
(40, 2, 'dowod-zawarcia-umowy-sprzedazy-w-stosunkach-pomiedzy-przedsiebiorcami', '2015-12-29 12:13:22', '2016-01-08 13:23:58', '2015-12-29 12:13:22', '1', 'img/original/publication/0/40.jpg', 1, 0, 4, 58, 'publish', 10),
(41, 2, 'procedura-wypowiedzenia-umowy-leasingu-w-warunkach-braku-p-atnosci-rat-leasingowych', '2015-12-29 12:25:21', '2015-12-31 13:12:58', '2015-12-29 12:25:21', '1', 'img/original/publication/0/41.jpg', 1, 0, 4, 0, 'publish', 10),
(42, 2, 'prokura-pe-nomocnictwo-handlowe', '2015-12-29 12:49:13', '2016-01-04 13:36:26', '2015-12-29 12:49:13', '1', 'img/original/publication/0/42.jpg', 1, 0, 4, 58, 'publish', 10),
(43, 2, 'jak-obnizyc-sk-adki-zus', '2015-12-29 13:10:33', '2016-01-08 12:37:28', '2015-12-29 13:10:33', '1', 'img/original/publication/0/43.jpg', 1, 0, 4, 35, 'publish', 16),
(44, 2, 'przestepstwo-jako-czyn-zabroniony', '2015-12-29 13:38:50', '2016-01-05 12:05:31', '2015-12-29 13:38:50', '1', 'img/original/publication/0/44.jpg', 1, 0, 4, 125, 'publish', 10),
(45, 2, 'procedura-zwolnien-grupowych', '2015-12-29 14:12:58', '2016-01-05 11:11:59', '2015-12-29 14:12:58', '1', 'img/original/publication/0/45.jpg', 1, 0, 4, 35, 'publish', 16),
(46, 2, 'jak-prawnie-odwo-ac-darowizne', '2015-12-29 14:35:26', '2016-01-03 19:52:12', '2015-12-29 14:35:26', '1', 'img/original/publication/0/46.jpg', 1, 0, 4, 0, 'publish', 11),
(47, 2, 'jak-stac-sie-w-ascicielem-posiadanej-rzeczy-ruchomej-badz-nieruchomosci-czyli-czym-jest-zasiedzenie', '2015-12-29 14:52:46', '2015-12-31 23:09:26', '2015-12-29 14:52:46', '1', 'img/original/publication/0/47.jpg', 1, 0, 4, 0, 'publish', 6),
(48, 2, 'przedsiebiorco-zatrudniasz-wielu-pracownikow-co-grozi-za-wykroczenia-przeciwko-prawom-pracownikow', '2015-12-29 15:07:19', '2016-01-08 11:56:33', '2015-12-29 15:07:19', '0', 'img/original/publication/0/48.jpg', 1, 0, 4, 35, 'publish', 17),
(49, 2, 'na-czym-polega-odpowiedzialnosc-cz-onka-zarzadu-za-zobowiazania-spo-ki-z-ograniczona-odpowiedzialnoscia-stan-prawny-do-31122015-r', '2015-12-29 15:26:13', '2016-01-05 16:37:34', '2015-12-29 15:26:13', '1', 'img/original/publication/0/49.jpg', 1, 0, 4, 61, 'publish', 10),
(50, 2, 'kiedy-cz-onek-zarzadu-bedzie-odpowiada--za-d-ugi-spo-ki-po-1-stycznia-2016-r', '2015-12-29 15:42:00', '2016-01-05 11:28:34', '2015-12-29 15:42:00', '1', 'img/original/publication/0/50.jpg', 1, 0, 4, 61, 'publish', 19),
(51, 2, 'kiedy-mozna-og-osic-upad-osc-w-kontekscie-zmian-po-1-stycznia-2016-r', '2015-12-29 16:02:46', '2016-01-05 13:09:15', '2015-12-29 16:02:46', '1', 'img/original/publication/0/51.jpg', 1, 0, 4, 58, 'publish', 13),
(52, 2, 'czym-ryzykuje-pracodawca-dopuszczajac-pracownika-do-pracy-bez-umowy', '2015-12-29 16:10:42', '2016-01-08 15:06:41', '2015-12-29 16:10:42', '1', 'img/original/publication/0/52.jpg', 1, 0, 4, 35, 'publish', 25),
(54, 2, 'czy-wierzyciel-zawsze-moze-wskazac-nowy-podmiot-na-rzecz-ktorego', '2015-12-29 16:17:55', '2016-01-05 14:34:29', '2015-12-29 16:17:55', '1', 'img/original/publication/0/54.jpg', 1, 0, 4, 0, 'publish', 16),
(55, 2, 'swiadczenie-wyrownawcze-w-umowie-agencyjnej', '2015-12-29 16:31:36', '2016-01-07 11:37:02', '2015-12-29 16:31:36', '1', 'img/original/publication/0/55.jpg', 1, 0, 4, 0, 'publish', 13),
(56, 2, 'ustalenie-istnienia-stosunku-pracy', '2015-12-29 16:51:58', '2016-01-07 11:19:27', '2015-12-29 16:51:58', '1', 'img/original/publication/0/56.jpg', 1, 0, 4, 35, 'publish', 26),
(57, 2, 'czy-oplacalne-jest-wspolne-rozliczanie-dochodow-przez-malzonkow', '2015-12-29 17:01:17', '2016-01-07 11:46:13', '2015-12-29 17:01:17', '1', 'img/original/publication/0/57.jpg', 1, 0, 4, 0, 'publish', 157),
(58, 2, 'czy-przedsiebiorca-moze-kontrolowac-swoich-telepracownikow', '2015-12-29 17:11:08', '2016-01-08 10:16:55', '2015-12-29 17:11:08', '1', 'img/original/publication/0/58.jpg', 1, 0, 4, 35, 'publish', 295),
(60, 3, 'dokument-test2', '2016-01-04 14:32:23', '2016-01-05 09:19:27', '2016-01-04 14:32:23', '0', NULL, 0, 0, 1, 71, 'publish', 3),
(62, 4, 'apelacja', '2016-01-05 13:19:54', '2016-01-05 16:15:17', '2016-01-05 13:19:54', '0', NULL, 0, 0, 1, 0, 'publish', 0),
(63, 4, 'aplikacja', '2016-01-05 13:20:36', '2016-01-05 13:20:36', '2016-01-05 13:20:36', '0', NULL, 0, 0, 1, 0, 'publish', 0);

-- --------------------------------------------------------

--
-- Struktura tabeli dla tabeli `publication_attachments`
--

CREATE TABLE IF NOT EXISTS `publication_attachments` (
  `id` int(11) NOT NULL,
  `publication_id` int(11) NOT NULL,
  `name` varchar(255) DEFAULT NULL,
  `title` varchar(255) NOT NULL,
  `path` varchar(255) DEFAULT NULL,
  `hash` varchar(255) DEFAULT NULL,
  `filesize` int(11) DEFAULT NULL
) ENGINE=InnoDB AUTO_INCREMENT=20 DEFAULT CHARSET=utf8;

--
-- Zrzut danych tabeli `publication_attachments`
--

INSERT INTO `publication_attachments` (`id`, `publication_id`, `name`, `title`, `path`, `hash`, `filesize`) VALUES
(19, 60, 'form5_sp.pdf', 'Form 5', 'docs/60/form5_sp.pdf', 'eddce3d42da7b3c50d8d4ee93cc41ffd', 163264);

-- --------------------------------------------------------

--
-- Struktura tabeli dla tabeli `publication_categories`
--

CREATE TABLE IF NOT EXISTS `publication_categories` (
  `id` int(11) NOT NULL,
  `publication_id` int(11) NOT NULL,
  `category_id` int(11) NOT NULL
) ENGINE=InnoDB AUTO_INCREMENT=63 DEFAULT CHARSET=utf8;

--
-- Zrzut danych tabeli `publication_categories`
--

INSERT INTO `publication_categories` (`id`, `publication_id`, `category_id`) VALUES
(12, 37, 44),
(13, 37, 45),
(14, 37, 91),
(35, 58, 305),
(36, 58, 294),
(37, 58, 296),
(45, 48, 175),
(47, 43, 63),
(49, 40, 62),
(50, 40, 180),
(53, 52, 175),
(54, 52, 177),
(55, 52, 185),
(60, 32, 303),
(61, 32, 312),
(62, 32, 313);

-- --------------------------------------------------------

--
-- Struktura tabeli dla tabeli `publication_translate`
--

CREATE TABLE IF NOT EXISTS `publication_translate` (
  `id` int(11) NOT NULL,
  `foreign_id` int(11) NOT NULL,
  `lang` varchar(20) DEFAULT NULL,
  `key` varchar(255) DEFAULT NULL,
  `value` text
) ENGINE=InnoDB AUTO_INCREMENT=324 DEFAULT CHARSET=utf8;

--
-- Zrzut danych tabeli `publication_translate`
--

INSERT INTO `publication_translate` (`id`, `foreign_id`, `lang`, `key`, `value`) VALUES
(160, 32, 'pl', 'title', 'Kiedy organizacja meczu lub imprezy rozrywkowej oznacza organizację imprezy masowej?'),
(161, 32, 'pl', 'excerpt', '<p style="text-align: justify;"><span style="font-size: 16px;"><strong>Przed organizacją meczu charytatywnego, imprezy rozrywkowej lub eventu artystycznego dla pracownik&oacute;w, kontrahent&oacute;w bądź dla klient&oacute;w koniecznie należy jednoznacznie ustalić czy organizowana przez nas impreza nie zostanie zakwalifikowana jako impreza masowa. Kwestie związane z szeregiem obowiązk&oacute;w organizatora imprezy masowej, jego odpowiedzialności i wymagań stawianych mu przez prawo, reguluje ustawa z 20 marca 2009&nbsp;r. o bezpieczeństwie imprez masowych (Dz.U.2013.611 z dnia 2013.05.27).</strong></span></p>'),
(162, 32, 'pl', 'text', '<p style="text-align: justify;"><span style="font-size: 16px; color: #888888;">Należy rozpocząć od definicji imprezy masowej, jaką znajdziemy w art. 3 pkt. 1 ww. ustawy.Zgodnie z tym przepisem jest nią impreza masowa artystyczno-rozrywkowa, masowa impreza sportowa, w tym mecz piłki nożnej. Warto w tym miejscu zauważyć, że w ustawie nie określono pojęciaimprezy. Należy zatem odwołać się do potocznego rozumienia tego pojęcia. Zgodnie z definicją słownika języka polskiego PWN (red. M. Szymczak) - impreza to widowisko, koncert, zabawa, bal, loteria fantowa, zawody sportowe itp., organizowane w celach rozrywkowych, propagandowych lub dochodowych. Ustawa dzieli imprezy masowe na dwie kategorie: masową imprezę artystyczno-rozrywkową oraz &nbsp;masową imprezę sportową.</span></p>\r\n<p style="text-align: justify;"><span style="font-size: 16px; color: #888888;">Zgodnie z art. 3 pkt 2 ww. ustawy, masową imprezą artystyczno-rozrywkową jest impreza o charakterze artystycznym, rozrywkowym lub (co istotne w kontekście organizowania pokaz&oacute;w film&oacute;w tzw. "kino pod chmurką") zorganizowane publiczne oglądanie przekazu telewizyjnego na ekranach lub urządzeniach umożliwiających uzyskanie obrazu o przekątnej przekraczającej 3 m, kt&oacute;ra ma się odbyć:</span></p>\r\n<ol style="text-align: justify;" type="1" start="1">\r\n<li><span style="font-size: 16px; color: #888888;">na stadionie, w innym obiekcie niebędącym budynkiem lub na terenie umożliwiającym przeprowadzenie imprezy masowej, na kt&oacute;rych liczba udostępnionych przez organizatora miejsc dla os&oacute;b, ustalona zgodnie z przepisami prawa budowlanego oraz przepisami dotyczącymi ochrony przeciwpożarowej, wynosi nie mniej niż 1000,</span></li>\r\n</ol>\r\n<p style="text-align: justify;"><span style="font-size: 16px; color: #888888;">w hali sportowej lub w innym budynku umożliwiającym przeprowadzenie imprezy masowej, w kt&oacute;rych liczba udostępnionych przez organizatora miejsc dla os&oacute;b, ustalona zgodnie z przepisami prawa budowlanego oraz przepisami dotyczącymi ochrony przeciwpożarowej, wynosi nie mniej niż 500.</span></p>\r\n<p style="text-align: justify;"><span style="font-size: 16px; color: #888888;">Natomiast zgodnie z art. 3 pkt 3 ww. ustawy, przez masową imprezę sportową należy rozumieć - imprezę masową mającą na celu wsp&oacute;łzawodnictwo sportowe lub popularyzowanie kultury fizycznej, organizowaną na:</span></p>\r\n<ol style="text-align: justify;" type="1" start="1">\r\n<li><span style="font-size: 16px; color: #888888;">stadionie lub w innym obiekcie niebędącym budynkiem, na kt&oacute;rym liczba udostępnionych przez organizatora miejsc dla os&oacute;b, ustalona zgodnie z przepisami prawa budowlanego oraz przepisami dotyczącymi ochrony przeciwpożarowej, wynosi nie mniej niż 1000, a w przypadku hali sportowej lub innego budynku umożliwiającego przeprowadzenie imprezy masowej - nie mniej niż 300,</span></li>\r\n<li><span style="font-size: 16px; color: #888888;">terenie umożliwiającym przeprowadzenie imprezy masowej, na kt&oacute;rym liczba udostępnionych przez organizatora miejsc dla os&oacute;b wynosi nie mniej niż 1000.</span></li>\r\n</ol>\r\n<p style="text-align: justify;"><span style="font-size: 16px; color: #888888;">Z powyższego jednoznacznie wynika, że o tym czy dane wydarzenie można zakwalifikować jako imprezę masową, decydują fizyczne właściwości miejsca, w kt&oacute;rym wydarzenie ma się odbywać.&nbsp;</span></p>\r\n<p style="text-align: justify;"><span style="font-size: 16px; color: #888888;">Określenie liczby miejsc nie stwarza trudności w sytuacji, gdy mamy do czynienia z&nbsp;obiektem (stadionem, halą sportową), gdzie zar&oacute;wno przepisy prawa budowlanego, decyzje pozwalające na użytkowanie obiektu oraz ostatecznie regulamin obiektu jasno wskazują ilość os&oacute;b jakie obiekt może pomieścić. Dodatkowym ułatwieniem jest numeracja miejsca dla widowni. Dużo więcej problem&oacute;w nastręcza określenie liczby udostępnianych miejsc w sytuacji, gdy na planowanym terenie wydarzenia znajdują się ławki bez numeracji lub jedynie wały ziemne przeznaczone dla kibic&oacute;w, albo gdy podczas koncertu widzowie mają zajmować miejsca na placu, rynku, murawie stadionu, w parku lub innej otwartej przestrzeni. Pomocne w tym przypadku będzie określenie w regulaminie wydarzenia maksymalnej ilości jego uczestnik&oacute;w i egzekwowanie przy wejściu na teren wydarzenia bilet&oacute;w wstępu bądź zaproszeń. Warto zauważyć, że do limitu miejsc, nie wlicza się miejsc przeznaczonych dla wykonawc&oacute;w lub zawodnik&oacute;w biorących udział w imprezie a także wszelkich służb porządkowych, policji. W przypadku, gdy jednoznacznie wykluczymy ryzyko uznania naszego wydarzenia za imprezę masową warto podjąć kroki w celu ograniczenia swojej odpowiedzialności za życie, zdrowie i mienie zar&oacute;wno uczestnik&oacute;w wydarzenia jak i mienia publicznego.</span></p>\r\n<p style="text-align: justify;"><span style="font-size: 16px; color: #888888;">Wśr&oacute;d krok&oacute;w jakie należy podjąć jako organizator w celu zabezpieczenia się przed ewentualnymi roszczeniami warto, co najmniej:</span></p>\r\n<ol style="text-align: justify;">\r\n<li><span style="font-size: 16px; color: #888888;">opracować szczeg&oacute;łowy regulamin wydarzenia, a także zapoznać z nim uczestnik&oacute;w wydarzenia;</span></li>\r\n<li><span style="font-size: 16px; color: #888888;">wybrać obiekt spełniający normy prawne, w tym higieniczno sanitarne oraz przeciwpożarowe;</span></li>\r\n<li><span style="font-size: 16px; color: #888888;">zawiadomić policję, straż pożarną oraz pogotowie ratunkowe o przeprowadzanym wydarzeniu;</span></li>\r\n<li><span style="font-size: 16px; color: #888888;">zapewnić na miejscu wydarzenia ochronę oraz pracownik&oacute;w pełniących role informacyjne, w ilości adekwatnej do ilości planowanych uczestnik&oacute;w;</span></li>\r\n<li><span style="font-size: 16px; color: #888888;">zapewnić na miejscu karetkę pogotowia z zespołem medycznym.</span></li>\r\n</ol>'),
(163, 32, 'pl', 'meta_title', 'Kiedy organizacja meczu lub imprezy rozrywkowej oznacza organizację imprezy masowej?'),
(164, 33, 'pl', 'title', 'Prawo do pomyłki, czyli kiedy można powoływać się na błąd w oświadczeniu woli'),
(165, 33, 'pl', 'excerpt', '<p style="text-align: justify;"><span style="font-size: 16px;"><strong>Zdarza się, że przeglądając&nbsp; portale aukcyjne zauważamy niezwykłą okazję np. samoch&oacute;d za kilka set złotych. Po analizie ogłoszenia dochodzimy do wniosku, że sprzedawca się musiał pomylić, bo samoch&oacute;d wart jest co najmniej sto razy tyle. Czy mimo wszystko sprzedawca musi nam go sprzedać?</strong></span></p>'),
(166, 33, 'pl', 'text', '<p style="text-align: justify;"><span style="font-size: 16px;">Zdarza się, że przeglądając&nbsp; portale aukcyjne zauważamy niezwykłą okazję np. samoch&oacute;d za kilka set złotych. Po analizie ogłoszenia dochodzimy do wniosku, że sprzedawca się musiał pomylić, bo samoch&oacute;d wart jest co najmniej sto razy tyle. Czy mimo wszystko sprzedawca musi nam go sprzedać?</span></p>\r\n<p style="text-align: justify;"><span style="font-size: 16px;">Odpowiedź zależy od działania samego sprzedawcy. Co do zasady, sprzedawca zobowiązany jest do jego sprzedaży, chyba że oświadczy, że się pomylił. Instytucja o jakiej mowa, uregulowana jest w Art. 84 &sect;1 Kodeksu Cywilnego, zgodnie z&nbsp;kt&oacute;rym: "W razie błędu co do treści czynności prawnej można uchylić się od skutk&oacute;w prawnych swego oświadczenia woli. Jeżeli jednak oświadczenie woli było złożone innej osobie, uchylenie się od jego skutk&oacute;w prawnych dopuszczalne jest tylko wtedy, gdy błąd został wywołany przez tę osobę, chociażby bez jej winy, albo gdy wiedziała ona o błędzie lub mogła z łatwością błąd zauważyć; ograniczenie to nie dotyczy czynności prawnej nieodpłatnej."</span></p>\r\n<p style="text-align: justify;"><span style="font-size: 16px;">Ponadto w &sect; 2 tego przepisu czytamy: "Można powoływać się tylko na błąd uzasadniający przypuszczenie, że gdyby składający oświadczenie woli nie działał pod wpływem błędu i oceniał sprawę rozsądnie, nie złożyłby oświadczenia tej treści (błąd istotny). "</span></p>\r\n<p style="text-align: justify;"><span style="font-size: 16px;">W interpretacji ww. przepisu pomocny może być Wyrok SN z dnia 8 marca 2012 r., III CSK 221/11, OSNC-ZD 2013, nr 3, poz. 55:</span></p>\r\n<ol style="text-align: justify;">\r\n<li><span style="font-size: 16px;">Błąd, o kt&oacute;rym mowa w art. 84 k.c., obejmuje także błąd co do prawa, co dotyczy m.in. mylnego wyobrażenia o skutkach prawnych wynikających ze złożonego oświadczenia woli.</span></li>\r\n<li><span style="font-size: 16px;">Błąd dotyczy sfery wewnętrznej podmiotu składającego oświadczenie woli, ustalenie wystąpienia błędu, o kt&oacute;rym mowa w art. 84 k.c., może zatem nastąpić tylko poprzez analizę zewnętrznych okoliczności poprzedzających, towarzyszących złożonemu oświadczeniu woli, jak r&oacute;wnież tych, kt&oacute;re nastąpiły już po złożeniu oświadczenia woli, a&nbsp;mogących mieć znaczenie dla oceny wyobrażenia strony o skutkach podjętej czynności prawnej. Wymaga to w szczeg&oacute;lności uwzględnienia celu gospodarczego, jaki strona, kt&oacute;ra złożyła oświadczenie woli, chciała osiągnąć, skonfrontowania tego celu z treścią czynności prawnej, oceny stopnia skomplikowania zamierzonej i podjętej czynności prawnej, okoliczności subiektywnych dotyczących możliwości oceny rzeczywistych skutk&oacute;w prawnych dokonanej czynności prawnej przez osobę, kt&oacute;ra powołuje się na błąd, oraz zachowania się drugiej strony poprzedzającego dokonanie tej czynności, w&nbsp;tym wyrażanym przez nią wobec drugiej strony ocenom dotyczącym skutk&oacute;w prawnych, jakie miała wywołać czynność prawna. Nie można bowiem wykluczyć możliwości wystąpienia błędu, gdy strona - po wyeliminowaniu czynnik&oacute;w zewnętrznych towarzyszących złożonemu oświadczeniu woli - dostrzegłaby rzeczywiste znaczenie prawne dokonywanej przez siebie czynności prawnej, jednakże przy uwzględnieniu wszystkich okoliczności poprzedzających oraz towarzyszących złożonemu oświadczeniu woli, mylnie rozumiała znaczenie dokonywanej czynności prawnej.</span></li>\r\n<li><span style="font-size: 16px;">Granicą, kt&oacute;ra wyklucza możność powołania się na "błąd co do prawa", jest sytuacja, gdy mylne wyobrażenie o skutkach prawnych złożonego oświadczenia woli zostało spowodowane niedbalstwem strony w zapoznaniu się z treścią składanego przez nią oświadczenia woli.</span></li>\r\n</ol>\r\n<p style="text-align: justify;"><span style="font-size: 16px;">Zatem powracając do naszego przykładu, z samej treści art 84 KC wynika, że&nbsp;w&nbsp;powyższej sytuacji aukcji samochodu sprzedający m&oacute;głby uchylić się od skutk&oacute;w swojego oświadczenia o sprzedaży po zaniżonej cenie. Jako, że w tym przypadku nie ma możliwości, aby oglądający aukcję sami wywołali błąd to koniecznym byłoby wykazanie, że&nbsp;potencjalny kupujący o błędzie wiedział lub błąd ten m&oacute;gł z łątwością zauważyć.</span></p>\r\n<p style="text-align: justify;"><span style="font-size: 16px;">Realistycznie przyjmując kupujący nie przyznałby się do posiadania wiedzy o błędzie zatem należy rozważyć, czy m&oacute;gł go z łatwością zauważyć. W przypadku kupującego-konsumenta należałoby zadać pytanie czy przeciętny, rozsądny konsument widząc cenę samochodu oceniłby ją jako mocno zaniżoną. W przypadku kupującego-przedsiębiorcy, można założyć że jako profesjonalista zna ceny rynkowe samochod&oacute;w zatem odstępstwa od średniej ceny rynkowej powinien z łatwością zauważyć.</span></p>\r\n<p style="text-align: justify;"><span style="font-size: 16px;">Podsumowując, każdy ma prawo do pomyłki, jednakże nie w każdej sytuacji możliwe jest nieponoszenie jej konsekwencji. Jakkolwiek instytucja błędu jest wygodnym narzędziem do niwelowania oświadczeń woli, jednakże stosowana powinna być z rozmysłem, jako że&nbsp;większość błed&oacute;w, w szczeg&oacute;lności dotyczących dużych wartości&nbsp; jest rozpatrywana przez sąd.</span></p>'),
(167, 33, 'pl', 'meta_title', 'Prawo do pomyłki, czyli kiedy można powoływać się na błąd w oświadczeniu woli'),
(168, 34, 'pl', 'title', 'Czy można potrącić z wynagrodzenia pracownika koszt połączeń z telefonu służbowego po przekroczeniu przyznanego pracownikowi limitu połączeń?'),
(169, 34, 'pl', 'excerpt', '<p style="text-align: justify;"><span style="font-size: 16px;"><strong>Wynagrodzenie w polskim porządku prawnym podlega szczeg&oacute;lnej ochronie i&nbsp;jakiekolwiek możliwości jego wypłaty w niższej wysokości niż przewiduje to umowa o pracę są mocno ograniczone. Po pierwsze, w art. 87 &sect;&sect; 1 i 7 Kodeksu pracy został sformułowany wyczerpujący katalog dopuszczalnych potrąceń bez zgody pracownika. Po drugie, potrącenia innych należności wymagają zgody pracownika co, do kt&oacute;rej orzecznictwo wypracowało konkretne wymogi.</strong></span></p>'),
(170, 34, 'pl', 'text', '<p style="text-align: justify;"><span style="font-size: 16px;">Wynagrodzenie w polskim porządku prawnym podlega szczeg&oacute;lnej ochronie i&nbsp;jakiekolwiek możliwości jego wypłaty w niższej wysokości niż przewiduje to umowa o pracę są mocno ograniczone. Po pierwsze, w art. 87 &sect;&sect; 1 i 7 Kodeksu pracy został sformułowany wyczerpujący katalog dopuszczalnych potrąceń bez zgody pracownika. Po drugie, potrącenia innych należności wymagają zgody pracownika co, do kt&oacute;rej orzecznictwo wypracowało konkretne wymogi.</span></p>\r\n<p style="text-align: justify;"><span style="font-size: 16px;">Opr&oacute;cz zamkniętego katalogu należności, kt&oacute;rych potrącenie jest dopuszczalne (w&nbsp;tym określone w&nbsp;art. 87 &sect;&sect; 1 i 7 Kodeksu Pracy) warto pamiętać, że Kodeks Pracy dopuszcza możliwość potrącenia z&nbsp;wynagrodzenia za pracę r&oacute;wnież innych należności, ale wyłącznie za zgodą pracownika. Potrącenia mogą być dokonywane na rzecz pracodawcy, ale r&oacute;wnież na rzecz os&oacute;b trzecich. Zgodnie z art.&nbsp;91. Kodeksu Pracy: <em>&sect;&nbsp;1. Należności inne niż wymienione w art. 87 &sect; 1 i 7 mogą być potrącane z wynagrodzenia pracownika tylko za jego zgodą wyrażoną na piśmie.</em> Należy zauważyć, że określenie <em>należności inne niż</em> oznacza, że katalog ewentualnych należności jakie mogą być potrącane jest otwarty, a zatem przepis ten może mieć zastosowanie na przykład w przypadku udzielania przez pracodawcę pracownikowi pożyczki lub zapłaty za karnet sportowy.</span></p>\r\n<p style="text-align: justify;"><span style="font-size: 16px;">Zgoda wyrażona przez pracownika musi być koniecznie udzielona na piśmie. Zgodnie z&nbsp;wyrokiem <a href="http://www.sn.pl/sites/orzecznictwo/Orzeczenia1/I%20PKN%20366-98.pdf">Sądu Najwyższego z dnia 1 października 1998 r. (sygn. akt: I PKN 366/98</a>; OSNP 1999, nr 21, poz. 684): <em>Wyrażenie przez pracownika, bez zachowania formy pisemnej, zgody na dokonywanie potrąceń z wynagrodzenia za pracę innych należności niż wymienione w art. 87 &sect; 1 i 7 k.p. jest nieważne (art. 58 k.c. w zw. z art. 91 i 300 k.p.)</em>. Stanowiska tego nie zmienia fakt, że pracownik przez dłuższy czas tych potrąceń nie kwestionował. Powyższe oznacza, że ani ustna, ani dorozumiana zgoda pracownika na potrącenie nie wystarcza i dokonanie potrącenia skutkować będzie roszczeniem pracownika o wypłatę pełnego wynagrodzenia, jak r&oacute;wnież odsetek za zwłokę. Niewypłacenie pełnego wynagrodzenia mogłoby r&oacute;wnież zostać potraktowane jako naruszenie przez pracodawcę swoich obowiązk&oacute;w.</span></p>\r\n<p style="text-align: justify;"><span style="font-size: 16px;">Istotna jest r&oacute;wnież treść samej zgody na dokonywanie potrąceń. W <a href="http://orzeczenia.nsa.gov.pl/doc/BED15C9EE3">wyroku z dnia 21 grudnia 2005 r. (sygn. akt: I OSK 461/05</a>, LEX nr 228247) NSA, stwierdził, iż: <em>Przepis art. 91 ustawy z dnia 26 czerwca 1974 r. Kodeks pracy Dz.U. 1998 nr 21 poz. 94 ze zm./ dla potrącenia z wynagrodzenia za pracę wymaga zgody pracownika wyrażonej na piśmie. Wymieniona w tym przepisie zgoda pracownika nie może być blankietowa. Powinna dotyczyć konkretnej, istniejącej wierzytelności.</em></span></p>\r\n<p style="text-align: justify;"><span style="font-size: 16px;">Nawiązując zatem do pytania postawionego jako tytuł niniejszego artykułu &ndash; czy można potrącić z wynagrodzenia pracownika koszt połączeń z telefonu służbowego po przekroczeniu przyznanego pracownikowi limitu połączeń należy odpowiedzieć twierdząco. Koniecznie jednak pracownik musi wyrazić pisemną zgodę na takie potrącenie i musi zostać ona wyrażona po przedstawieniu konkretnej kwoty potrącenia. Innymi słowy zgoda na potrącenie będzie skuteczna, jeżeli należność już powstała i pracownikowi znana jest jej wysokość.</span></p>\r\n<p style="text-align: justify;"><span style="font-size: 16px;">Za niedopuszczalne należałoby uznać wyrażenie przez pracownika zgody na potrącenie na przyszłość. Zgoda taka byłaby nieważna i nie wywołałaby żadnych skutk&oacute;w prawnych. W chwili, gdy pracownik wyrazi taką zgodę nie wie on, na potrącenie w jakiej wysokości się zgadza, a także czy dług w przyszłości w og&oacute;le powstanie. Tym samym byłaby to zgoda blankietowa, niedotycząca konkretnej i istniejącej wierzytelności. Potwierdzenie powyższego można znaleźć w wyroku SN z dnia 5 maja 2004 r., I PK 529/03: <em>Wyrażenie zgody przez pracownika na dokonywanie potrąceń z jego wynagrodzenia bez świadomości wielkości długu i istnienia przesłanek odpowiedzialności jest nieważne.</em></span></p>\r\n<p style="text-align: justify;"><span style="font-size: 16px;">Zgoda pracownika na potrącenie może zostać wyrażona po powstaniu wierzytelności i musi być to zgoda wyraźna. W <a href="http://orzeczenia.nsa.gov.pl/doc/BED15C9EE3">wyroku z&nbsp;dnia 21 grudnia 2005 r. (sygn. akt: I OSK 461/05</a>) NSA wskazał, iż: <em>złożenie przez pracownika podpisu na nocie księgowej, obejmującej rozliczenie niedoboru bez zawarcia sformułowania wyrażenia zgody na potrącenie zawartej w niej kwoty z wynagrodzenia, nie spełnia przesłanki z art. 91 k.p</em>.</span></p>\r\n<p style="text-align: justify;"><span style="font-size: 16px;">Kodeks Pracy wprowadza ponadto ograniczenie wysokości potrąceń z wynagrodzenia pracownika:</span></p>\r\n<p style="text-align: justify;"><span style="font-size: 16px;">- dla potrąceń należności na rzecz pracodawcy - wolna od potrąceń jest kwota wynagrodzenia stanowiąca r&oacute;wnowartość ustawowo określonego minimalnego wynagrodzenia za pracę, pomniejszonego o składkę na ubezpieczenie społeczne oraz zaliczkę na podatek dochodowy od os&oacute;b fizycznych.</span></p>\r\n<p style="text-align: justify;"><span style="font-size: 16px;">- dla potrąceń na rzecz innych podmiot&oacute;w niż pracodawca - wolna od potrąceń jest kwota wynagrodzenia stanowiąca r&oacute;wnowartość 80% ustawowo określonego minimalnego wynagrodzenia za pracę, pomniejszonego o składkę na ubezpieczenie społeczne oraz zaliczkę na podatek dochodowy od os&oacute;b fizycznych.</span></p>\r\n<p style="text-align: justify;"><span style="font-size: 16px;">Podsumowując, potrącenie z wynagrodzenia pracownika należności innych niż wymienione w art. 87 &sect;&sect; 1 i 7 k.p. jest dopuszczalne, ale pod warunkiem, że pracownik wyrazi na nie pisemną, wyraźną zgodę dotyczącą należności istniejącej i o znanej mu wysokości. Niedopuszczalne jest natomiast wyrażenie zgody na przyszłe, przewidywane potrącenia.</span></p>'),
(171, 34, 'pl', 'meta_title', 'Czy można potrącić z wynagrodzenia pracownika koszt połączeń z telefonu służbowego po przekroczeniu przyznanego pracownikowi limitu połączeń?'),
(172, 35, 'pl', 'title', 'Czy na słupie na działce można zarobić?'),
(173, 35, 'pl', 'excerpt', '<p style="text-align: justify;"><span style="font-size: 16px;"><strong>Słupy energetyczne, stacje trafo, instalacje gazowe bądź wodne bardzo często posadowione są na działkach nie będących własnością przedsiębiorstw, do kt&oacute;rych te instalacje należą. Oznacza to, że owe przedsiębiorstwa (energetyczne, gazowe, wodociągowe, itp.) korzystają z cudzych nieruchomości. Czy za takie korzystanie właścicielowi nieruchomości należy się wynagrodzenie i jak je obliczyć?</strong></span></p>'),
(174, 35, 'pl', 'text', '<p style="text-align: justify;"><span style="font-size: 16px;">Słupy energetyczne, stacje trafo, instalacje gazowe bądź wodne bardzo często posadowione są na działkach nie będących własnością przedsiębiorstw, do kt&oacute;rych te instalacje należą. Oznacza to, że owe przedsiębiorstwa (energetyczne, gazowe, wodociągowe, itp.) korzystają z cudzych nieruchomości. Czy za takie korzystanie właścicielowi nieruchomości należy się wynagrodzenie i jak je obliczyć?</span></p>\r\n<p style="text-align: justify;"><span style="font-size: 16px;">Uregulowanie sposobu korzystania przez te przedsiębiorstwa z nieruchomości gruntowych może nastąpić umownie, ale w przypadku braku porozumienia zar&oacute;wno właściciel nieruchomości jak i przedsiębiorstwo, mają możliwość skierowania sprawy do sądu. Zgodnie z Art.&nbsp;305<sup>2</sup>.&nbsp;Kodeksu Cywilnego:</span></p>\r\n<p style="text-align: justify;"><span style="font-size: 16px;"><em>&sect;&nbsp;1.&nbsp;Jeżeli właściciel nieruchomości odmawia zawarcia umowy o ustanowienie służebności przesyłu, a jest ona konieczna dla właściwego korzystania z urządzeń, o kt&oacute;rych mowa w art. 49 &sect; 1, przedsiębiorca może żądać jej ustanowienia za odpowiednim wynagrodzeniem.</em></span></p>\r\n<p style="text-align: justify;"><span style="font-size: 16px;"><em>&sect;&nbsp;2.&nbsp;Jeżeli przedsiębiorca odmawia zawarcia umowy o ustanowienie służebności przesyłu, a&nbsp;jest ona konieczna do korzystania z urządzeń, o kt&oacute;rych mowa w art. 49 &sect; 1, właściciel nieruchomości może żądać odpowiedniego wynagrodzenia w zamian za ustanowienie służebności przesyłu.</em></span></p>\r\n<p style="text-align: justify;"><span style="font-size: 16px;">W każdym przypadku za ustanowienie służebności przesyłu należy się odpowiednie wynagrodzenie. Podobnie jednak jak w kwestii wynagrodzenia za ustanowienie służebności gruntowych, jak np. służebności drogi koniecznej, przepisy milczą w jaki spos&oacute;b obliczyć wysokość wynagrodzenia.</span></p>\r\n<p style="text-align: justify;"><span style="font-size: 16px;">Praktyka pokazuje, że wynagrodzenie za ustanowienie służebności przesyłu powinno obejmować wszystkie poniższe elementy:</span></p>\r\n<ol style="text-align: justify;">\r\n<li><span style="font-size: 16px;">Wynagrodzenie za korzystanie przez przedsiębiorstwo przesyłowe z nieruchomości;</span></li>\r\n<li><span style="font-size: 16px;">Odszkodowanie za obniżenie wartości nieruchomości z tytułu wybudowania na niej urządzeń przesyłowych;</span></li>\r\n<li><span style="font-size: 16px;">Odszkodowanie na zasadach og&oacute;lnych za inne szkody powstałe na skutek wybudowania na nieruchomości urządzeń przesyłowych.</span></li>\r\n</ol>\r\n<p style="text-align: justify;"><span style="font-size: 16px;">Co ciekawe, orzecznictwo wskazuje, że wynagrodzenie to powinno być wynagrodzeniem jednorazowym, co jednak nie wyklucza możliwości jego rozłożenia w postaci świadczeń okresowych (por. <a href="http://www.sn.pl/sites/orzecznictwo/Orzeczenia2/IV%20CSK%20440-12-1.pdf">uzasadnienie postanowienia Sądu Najwyższego z&nbsp;dnia 27.02.2013, IV CSK 440/12</a>).</span></p>\r\n<p style="text-align: justify;"><span style="font-size: 16px;">Pierwszy ze składnik&oacute;w - wynagrodzenie za korzystanie przez przedsiębiorstwo przesyłowe z nieruchomości &ndash; może zostać ustalone przez biegłego sądowego. Jakkolwiek sąd może, a nawet powinien wystąpić z urzędu o taką opinię to w praktyce warto r&oacute;wnież wnioskować o powołanie biegłego na tę okoliczność. Natomiast uwzględnienie w wysokości wynagrodzenia pozostałych dw&oacute;ch składowych, tj. &nbsp;odszkodowania za obniżenie wartości nieruchomości z tytułu wybudowania na niej urządzeń przesyłowych jak i odszkodowania na zasadach og&oacute;lnych za inne szkody, z pewnością wymaga już aktywności właściciela nieruchomości w postępowaniu. Konieczne jest powołanie się na dowody w celu wykazania obniżenia wartości nieruchomości (np. dow&oacute;d z opinii biegłego rzeczoznawcy majątkowego), a także innych poniesionych szk&oacute;d, do kt&oacute;rych można zaliczyć także utracone zyski.</span></p>\r\n<p style="text-align: justify;"><span style="font-size: 16px;">Jak stwierdził Sąd Najwyższy w <a href="http://www.sn.pl/sites/orzecznictwo/orzeczenia2/iv%20csk%2056-12-1.pdf">uzasadnieniu postanowienia z 20 września 2012 r. (sygn. akt: IV CSK 56/2012</a>): <em>wynagrodzenie</em> należne na podstawie art. 305<sup>2</sup> &sect; 2 k.c. powinno uwzględniać cały uszczerbek będący następstwem ustanowienia <em>służebności</em> przesyłu, w tym także zmniejszenie jej wartości, jednak nie można zgodzić się z poglądem, że <em>wynagrodzenie</em> może być zasądzone jednocześnie w formie jednorazowej i okresowej oraz że <em>wynagrodzenie</em> jednorazowe przysługuje za ustanowienie <em>służebności</em>, a <em>wynagrodzenie</em> okresowe &ndash; za trwanie <em>służebności.</em></span></p>\r\n<p style="text-align: justify;"><span style="font-size: 16px;">Warto zwr&oacute;cić uwagę na r&oacute;żnicę w ustawowym określaniu wysokości wynagrodzenia należnego za ustanowienie służebności drogi koniecznej oraz służebności przesyłu &ndash; za ustanowienie służebności drogi koniecznej przysługuje &bdquo;wynagrodzenie&rdquo;, natomiast za ustanowienie służebności przesyłu przysługuje &bdquo;odpowiednie wynagrodzenie&rdquo;.</span></p>\r\n<p style="text-align: justify;"><span style="font-size: 16px;">Tą niejasną r&oacute;żnicę pr&oacute;bował tłumaczyć Sąd Najwyższy, podkreślając r&oacute;żnicę obu sytuacji w zakresie ingerencji w treść prawa własności. Przy ustanowieniu drogi koniecznej uprawniony zostaje całkowicie pozbawiony władztwa nad nieruchomością, a przy ustanowieniu <em>służebności</em> przesyłu z reguły doznaje w tym jedynie ograniczenia (por. <a href="http://www.sn.pl/sites/orzecznictwo/orzeczenia2/ii%20csk%20444-09-1.pdf">uzasadnienie postanowienia Sądu Najwyższego z 3 lutego 2010 r., II CSK 444/2009</a>).</span></p>\r\n<p style="text-align: justify;"><span style="font-size: 16px;">W <a href="http://www.sn.pl/sites/orzecznictwo/orzeczenia1/iii%20czp%2029-05.pdf">uzasadnieniu uchwały Sądu Najwyższego z 17 czerwca 2005 r., III CZP 29/2005</a>, można odnaleźć kolejną wskaz&oacute;wkę jak obliczać należne wynagrodzenie. Mianowicie SN wskazał, że przy ustaleniu wysokości <em>wynagrodzenia</em> za korzystanie z nieruchomości w związku z&nbsp;ustanowieniem na niej&nbsp; <em>służebności</em> przesyłu, wynagrodzenie to powinno być proporcjonalne do stopnia ingerencji przedsiębiorstwa przesyłowego w treść prawa własności właściciela nieruchomości i uwzględniać wartość nieruchomości. Wartość nieruchomości może być zatem jednym z kryteri&oacute;w ustalania tego <em>wynagrodzenia</em>.</span></p>\r\n<p style="text-align: justify;"><span style="font-size: 16px;">Warto także pamiętać, że zgodnie z <a href="http://www.sn.pl/sites/orzecznictwo/orzeczenia2/iii%20czp%20101-12.pdf">Uchwałą Sądu Najwyższego, III CZP 101/12 z dnia&nbsp; 20 lutego 2013 r</a>.: <em>Roszczenie o ustanowienie służebności przesyłu przewidziane w art. 305<sup>2</sup> &sect; 1 k.c. nie ulega przedawnieniu</em>.</span></p>\r\n<p style="text-align: justify;"><span style="font-size: 16px;">Podsumowując, na słupie posadowionym na działce można zarobić, jednakże od aktywności &nbsp;właściciela nieruchomości, na kt&oacute;rej znajduje się instalacja przesyłowa zależy wysokość wynagrodzenia jakie można uzyskać. Osobną i niezależną kwestią związaną z finansowym aspektem posadowienia słup&oacute;w, bądź instalacji przesyłowych na działce jest kwestia dochodzenia wynagrodzenia za bezumowne korzystanie z nieruchomości.&nbsp;</span></p>'),
(175, 35, 'pl', 'meta_title', 'Czy na słupie na działce można zarobić?'),
(176, 36, 'pl', 'title', 'Ile wynosi wynagrodzenie za ustanowienie służebności drogi koniecznej?'),
(177, 36, 'pl', 'excerpt', '<p style="text-align: justify;"><span style="font-size: 16px;"><strong>Każda nieruchomość gruntowa, na kt&oacute;rej planowana jest budowa lub już istnieje: dom jednorodzinny, magazyn lub inny budynek, powinna mieć zapewniony dostęp do drogi publicznej. Jeżeli nie jest to dostęp bezpośredni można go zapewnić przez sąsiednie nieruchomości za wynagrodzeniem. Czy w skład tego wynagrodzenia powinno wchodzić odszkodowanie dla właściciela nieruchomości, przez kt&oacute;rą ma przebiegać dojazd do drogi publicznej?</strong></span></p>'),
(178, 36, 'pl', 'text', '<p style="text-align: justify;"><span style="font-size: 16px;">Każda nieruchomość gruntowa, na kt&oacute;rej planowana jest budowa lub już istnieje: dom jednorodzinny, magazyn lub inny budynek, powinna mieć zapewniony dostęp do drogi publicznej. Jeżeli nie jest to dostęp bezpośredni można go zapewnić przez sąsiednie nieruchomości za wynagrodzeniem. Czy w skład tego wynagrodzenia powinno wchodzić odszkodowanie dla właściciela nieruchomości, przez kt&oacute;rą ma przebiegać dojazd do drogi publicznej?</span></p>\r\n<p style="text-align: justify;"><span style="font-size: 16px;">Ze względu na położenie działki, kt&oacute;ra nie przylega do drogi publicznej, konieczne jest niekiedy wyznaczenie przejazdu przebiegającego przez sąsiednie nieruchomości innych właścicieli. Prawne wyznaczenie takiej drogi może odbyć się przez ustanowienie służebności przechodu i przejazdu w drodze umowy między sąsiadami. Jeżeli jednak zawarcie takiej umowy nie jest możliwe to pozostaje skorzystanie z instytucji służebności drogi koniecznej. Zgodnie z art.&nbsp;145 &sect; 1 k.c.: <em>Jeżeli nieruchomość nie ma odpowiedniego dostępu do drogi publicznej lub do należących do tej nieruchomości budynk&oacute;w gospodarskich, właściciel może żądać od właścicieli grunt&oacute;w sąsiednich ustanowienia za wynagrodzeniem potrzebnej służebności drogowej (droga konieczna)</em>.</span></p>\r\n<p style="text-align: justify;"><span style="font-size: 16px;">Z punktu widzenia właściciela nieruchomości, przez kt&oacute;rą ma przechodzić droga konieczna, najistotniejszym fragmentem wyżej wymienionego przepisu jest określenie, że ustanowienie takiej służebności następuje za wynagrodzeniem. Niestety prawo milczy na temat tego, jakie powinno być to wynagrodzenie lub chociażby jak je obliczyć. Częściowo wyjaśnia tę kwestię orzecznictwo. W uzasadnieniu <a href="http://www.sn.pl/sites/orzecznictwo/Orzeczenia2/II%20CSK%20517-07-1.pdf">postanowieniu z dnia 14 lutego 2008&nbsp;r. (sygn, akt: II CSK 517/07) Sąd Najwyższy</a> wskazał że: <em>Przewidziane w art. 145 &sect; 1 k.c. wynagrodzenie za ustanowienie drogi koniecznej należy się właścicielowi nieruchomości obciążonej bez względu na poniesienie szkody na skutek ustanowienia służebności i obejmuje wszystkie koszty i nakłady na urządzenie i utrzymanie drogi w zakresie, w jakim uprawniony ze służebności nie ponosi ich bezpośrednio. Wynagrodzenie, o jakim mowa, może także obejmować wyr&oacute;wnanie uszczerbku majątkowego, jaki właściciel nieruchomości obciążonej poni&oacute;sł na skutek ustanowienia służebności drogowej, jednakże w takim przypadku właściciel nieruchomości obciążonej powinien wykazać, że go poni&oacute;sł</em>.</span></p>\r\n<p style="text-align: justify;"><span style="font-size: 16px;">Z powyższego jasno wynika, że bez względu na to czy właściciel nieruchomości obciążonej poni&oacute;sł szkodę czy nie, wynagrodzenie jest mu należne. Potwierdza to r&oacute;wnież Sąd Najwyższy w uzasadnieniu postanowienia z dnia 8 maja 2000 r., (sygn. akt: V CKN 43/00, OSNC 2000 nr 11, poz. 206) wskazując, iż <em>w&nbsp;postępowaniu o ustanowienie drogi koniecznej o wynagrodzeniu na rzecz właściciela nieruchomości obciążonej orzeka się z urzędu</em>. Zatem określenie wysokości wynagrodzenia właściciela nieruchomości obciążonej jest elementem obligatoryjnym orzeczenia o ustanowieniu drogi koniecznej.</span></p>\r\n<p style="text-align: justify;"><span style="font-size: 16px;">Powyższe oznacza ponadto, że jeżeli zasądzone wynagrodzenie ma obejmować także rekompensatę uszczerbku powstałego poprzez przeznaczenie części jego nieruchomości na drogę konieczną to na właścicielu, kt&oacute;ry powołuje się na szkodę ciąży obowiązek udowodnienia jej wysokości. Wynagrodzenie zatem w każdym przypadku może być inne, choćby ustanowiona droga konieczna była identyczna jak droga ustanowiona na innej nieruchomości. Potwierdza to uzasadnienie <a href="http://www.sn.pl/sites/orzecznictwo/orzeczenia3/v%20csk%20491-12.pdf">postanowienia Sądu Najwyższego z dnia&nbsp; 9 października 2013&nbsp; r., (sygn. akt: V CSK 491/12)</a>: <em>Ustawodawca w art. 145 &sect; 1 k.c. nie nakazał, jak to uczynił w przypadku służebności przesyłu (art. 305<sup>2</sup> &sect; 1 k.c.), aby wynagrodzenie za ustanowienie służebności drogi koniecznej było odpowiednie. Posłużył się słowem wynagrodzenie bez przymiotnika "odpowiednie". Użycie w art. 305<sup>2</sup> &sect; 1 k.c. tego przymiotnika oznacza, że przewidziane w&nbsp;tym przepisie wynagrodzenie powinno być ustalane każdorazowo indywidualnie i&nbsp;dostosowane do okoliczności istotnych w danej sprawie. Pojęcie wynagrodzenia jest szersze niż pojęcie odszkodowania. W razie powstania szkody fakt ten musi być brany pod uwagę przy określeniu wysokości wynagrodzenia, choć należy się ono właścicielowi nieruchomości obciążonej także wtedy, gdy żadnej szkody nie poni&oacute;sł.</em></span></p>\r\n<p style="text-align: justify;"><span style="font-size: 16px;">Podsumowując, wynagrodzenia za ustanowienie służebności drogi koniecznej przysługuje właścicielowi nieruchomości obciążonej niezależnie od faktu poniesienia szkody. Jednakże wyłącznie od jego aktywności procesowej, bądź doświadczenia jego pełnomocnika, zależy czy wysokość zasądzonego wynagrodzenia będzie obejmowała rekompensatę poniesionej szkody.</span></p>'),
(179, 36, 'pl', 'meta_title', 'Ile wynosi wynagrodzenie za ustanowienie służebności drogi koniecznej?'),
(180, 37, 'pl', 'title', 'Czy wierzyciel zawsze może wskazać nowy podmiot, na rzecz którego musimy spłacić nasz dług?'),
(181, 37, 'pl', 'excerpt', '<p style="text-align: justify;"><span style="font-size: 16px;"><strong>Najczęściej, gdy zaciągamy zobowiązanie to jesteśmy przekonani, że będziemy zobowiązani je spełnić na rzecz tego podmiotu, co do kt&oacute;rego się zobowiązaliśmy. Tak jednak wcale nie musi być. Nasze zobowiązanie, a wierzytelność naszego wierzyciela, co do zasady może być traktowana jako zwykły przedmiot obrotu pomiędzy podmiotami - może zostać sprzedana lub po prostu przekazana. Jak się przed tym zabezpieczyć?</strong></span></p>'),
(182, 37, 'pl', 'text', '<p style="text-align: justify;"><span style="font-size: 16px;">Najczęściej, gdy zaciągamy zobowiązanie to jesteśmy przekonani, że będziemy zobowiązani je spełnić na rzecz tego podmiotu, co do kt&oacute;rego się zobowiązaliśmy. Tak jednak wcale nie musi być. Nasze zobowiązanie, a wierzytelność naszego wierzyciela, co do zasady może być traktowana jako zwykły przedmiot obrotu pomiędzy podmiotami - może zostać sprzedana lub po prostu przekazana. Jak się przed tym zabezpieczyć?</span></p>\r\n<p style="text-align: justify;"><span style="font-size: 16px;">Kodeks cywilny przewiduje trzy sytuacje, kiedy przeniesienie takiej wierzytelności jest niedopuszczalne:</span></p>\r\n<p style="text-align: justify;"><span style="font-size: 16px;">- przeniesienie takie sprzeciwiałoby się ustawie (ustawowy zakaz), albo</span></p>\r\n<p style="text-align: justify;"><span style="font-size: 16px;">- przeniesienie takie sprzeciwiałoby się zastrzeżeniu umownemu (postanowienie w umowie zabraniające przelewu wierzytelności przez wierzyciela)&nbsp; albo</span></p>\r\n<p style="text-align: justify;"><span style="font-size: 16px;">- przeniesienie takie sprzeciwiałoby się właściwości zobowiązania (np. wierzytelność osobista, świadczenie jakie może być wykonane tylko na rzecz wierzyciela).</span></p>\r\n<p style="text-align: justify;"><span style="font-size: 16px;">Jeśli żadne z powyższych nie ma zastosowania, to wierzytelność może być przeniesiona na inny podmiot. W takim przypadku dłużnik nie może w żaden spos&oacute;b sprzeciwić się przelewowi wierzytelności.&nbsp;&nbsp; Przywołać tu można wyrok z dnia&nbsp; 28 sierpnia 2013 r. Sądu Okręgowego w Kaliszu, I C 40/13: <em>W myśl art. 509 &sect; 1 k.c. z istoty przelewu wynika prawo wierzyciela do zbycia wierzytelności bez zgody dłużnika. Prawo takie może zostać ograniczone tylko poprzez zawarcie przez wierzyciela i dłużnika umowy o zakazie zbywania wierzytelności</em>.</span></p>\r\n<p style="text-align: justify;"><span style="font-size: 16px;">&nbsp;</span></p>\r\n<p style="text-align: justify;"><span style="font-size: 16px;"><strong>Jaką wierzytelność &nbsp;zatem można przenieść?</strong></span></p>\r\n<p style="text-align: justify;"><span style="font-size: 16px;">Sąd Okręgowy w Olsztynie w <a href="http://orzeczenia.ms.gov.pl/content/$N/150515000000503_I_C_000174_2013_Uz_2013-10-23_002" target="_blank">uzasadnieniu wyroku z dnia 14 października 2013 r., I C 174/13</a> wskazał:<em> Zgodnie z art. 509 &sect; 1 k.c. wierzyciel może bez zgody dłużnika przenieść wierzytelność na osobę trzecią (przelew), chyba że sprzeciwiałoby się to ustawie, zastrzeżeniu umownemu albo właściwości zobowiązania. Paragraf 2 tegoż przepisu stanowi, że wraz z wierzytelnością na nabywcę przechodzą wszelkie związane z nią prawa, a w szczeg&oacute;lności roszczenie o zaległe odsetki</em>. <em>Przedmiotem wierzytelności może być co do zasady wierzytelność istniejąca, kt&oacute;rą cedent może swobodnie dysponować. Ponadto wierzytelność ta powinna być w spos&oacute;b dostateczny zindywidualizowana, choćby przez wyraźne oznaczenie stosunku zobowiązaniowego, z kt&oacute;rego ta wierzytelność wynika.</em></span></p>\r\n<p style="text-align: justify;"><span style="font-size: 16px;">Stanowisko to potwierdza Sąd Apelacyjny w Warszawie w <a href="http://orzeczenia.ms.gov.pl/content/VI$0020ACa$0020806$002f13/154500000003003_VI_ACa_000806_2010_Uz_2010-10-13_001" target="_blank">wyroku&nbsp; z dnia 25 kwietnia 2014 r. VI ACa 806/13</a>:</span></p>\r\n<p style="text-align: justify;"><span style="font-size: 16px;"><em>Co do zasady nie można czynić wierzycielowi zarzutu, że dokonuje cesji wierzytelności przysługującej mu od dłużnika. (&hellip;) Przedmiotem przelewu jest wierzytelność, tj. prawo podmiotowe wierzyciela do żądania od dłużnika świadczenia. Innymi słowy przedmiotem przelewu może być więc wierzytelność, kt&oacute;rej źr&oacute;dłem jest zobowiązanie naturalne. Może nim być także wierzytelność przedawniona - gdyby dłużnik spełnił takie świadczenie na rzecz nabywcy, nie mogłoby zostać ono uznane za bezpodstawne. Przedmiotem przelewu może być r&oacute;wnież wierzytelność niewymagalna. Wreszcie przedmiotem przelewu może być wierzytelność sporna.</em></span></p>\r\n<p style="text-align: justify;"><span style="font-size: 16px;">Z powyższego wynika, że jeżeli strony nie postanowiły umownie o zakazie dokonywania przeniesienia wierzytelności przez wierzyciela, to bardzo rzadko będzie dochodziło do sytuacji, gdy wierzyciel nie będzie m&oacute;gł takiego przeniesienia dokonać. Ponadto, w przypadku dokonania przeniesienia wierzytelności dłużnikowi nie przysługuje żaden instrument prawny, kt&oacute;ry m&oacute;głby unieważnić przeniesienia, ani tym bardziej pozwalający dłużnikowi żądać od wierzyciela jakiegokolwiek odszkodowania. Jest to o tyle istotne, że praktycznie każda wierzytelność może zostać przeniesiona &ndash; w tym wierzytelność jeszcze niewymagalna lub sporna.</span></p>\r\n<p style="text-align: justify;"><span style="font-size: 16px;">Podsumowując, jeśli chcemy być pewni, że nasze zobowiązanie nie będzie przedmiotem obrotu i nie trafi do podmiotu, na rzecz kt&oacute;rego nie chcielibyśmy nic świadczyć, konieczne jest wprowadzenie odpowiednich postanowień umownych.</span></p>'),
(183, 37, 'pl', 'meta_title', 'Czy wierzyciel zawsze może wskazać nowy podmiot, na rzecz którego musimy spłacić nasz dług?'),
(184, 38, 'pl', 'title', 'Obrona konieczna - oczywistość niekoniecznie jasna'),
(185, 38, 'pl', 'excerpt', '<p style="text-align: justify;"><span style="font-size: 16px;">Zdecydowana większość z nas doskonale potrafi podać przykłady obrony koniecznej czy wymienić og&oacute;lne elementy jej istoty. Problem z interpretacją danego czynu, pojawia się w&oacute;wczas, gdy nie bronimy siebie, a kogoś innego. Wątpliwości pojawiają się także,&nbsp; kiedy określone zachowanie się człowieka można kwalifikować jako obronę konieczną, a kiedy już m&oacute;wimy o stanie wyższej konieczności. Aby przeciąć dyskusje na ten temat, w poniższym artykule postaram się przedstawić niezbędne informacje na temat tego, znanego nam wszystkim kontratypu.</span></p>'),
(186, 38, 'pl', 'text', '<p style="text-align: justify;"><span style="font-size: 16px;">Zdecydowana większość z nas doskonale potrafi podać przykłady obrony koniecznej czy wymienić og&oacute;lne elementy jej istoty. Problem z interpretacją danego czynu, pojawia się w&oacute;wczas, gdy nie bronimy siebie, a kogoś innego. Wątpliwości pojawiają się także,&nbsp; kiedy określone zachowanie się człowieka można kwalifikować jako obronę konieczną, a kiedy już m&oacute;wimy o stanie wyższej konieczności. Aby przeciąć dyskusje na ten temat, w poniższym artykule postaram się przedstawić niezbędne informacje na temat tego, znanego nam wszystkim kontratypu.<br /></span></p>\r\n<p style="text-align: justify;"><br /><span style="font-size: 16px;">Jak to zostało zasygnalizowane wyżej, obrona konieczna jest jednym z trzech kontratyp&oacute;w pojawiających się w Kodeksie Karnym. Kontratypem z kolei nazywamy każdą okoliczność wyłączającą bezprawność czynu. Ilekroć w artykule pojawia się sentencja &bdquo;nie popełnia przestępstwa&rdquo;, mamy do czynienia właśnie z wyłączeniem bezprawności. W części og&oacute;lnej Kodeksu karnego ma to miejsce w art. 25 k.k., art. 26 k.k. oraz art. 27 k.k. Są to kolejno: obrona konieczna, stan wyższej konieczności, dozwolone ryzyko, nazywane także eksperymentem. Dw&oacute;m ostatnim zostaną poświęcone osobne teksty.</span></p>\r\n<p style="text-align: justify;"><span style="font-size: 16px;">Obrona konieczna zachodzi wtedy, gdy dana osoba odpiera bezpośredni, bezprawny zamach na jakiekolwiek dobro chronione prawem. Oznacza to, iż aby dany czyn spełniał przesłanki działania w granicach obrony koniecznej obligatoryjnie występować musi bezpośredniość i bezprawność zamachu. Brak kt&oacute;rejkolwiek z wyżej wymienionych cech sprawia, iż dane zachowanie nie może zostać zakwalifikowane jako obrona konieczna. Konsekwencją może być uznanie broniącego siebie lub kogoś za sprawcę przestępstwa przeciwko napastnikowi.</span></p>\r\n<p style="text-align: justify;"><span style="font-size: 16px;">Istnieją r&oacute;żne podejścia do definiowania &bdquo;bezpośredniości&rdquo; zamachu. Można jednak m&oacute;wić o kilku cechach powszechnie przyjmowanych jako charakterystyczne. Jest nim przede wszystkim długotrwały stan zagrożenia dla dobra prawnego, a także to, iż z zachowania napastnika <strong>jednoznacznie </strong>wynika, iż przystępuje on do ataku na określone dobro prawne. Wnioskiem z dw&oacute;ch wymienionych wyżej cech jest to, iż kr&oacute;tka przerwa w dokonywaniu ataku nie znosi cechy bezpośredniości.</span></p>\r\n<p style="text-align: justify;"><span style="font-size: 16px;">Kolejną kwestią wymagającą om&oacute;wienia jest: dobro chronione prawem. Jest to każde dobro, kt&oacute;re ma wartość społeczną. Zatem jest to zar&oacute;wno dobro indywidualne, jak i zbiorowe, idąc dalej jest to dobro własne i dobro innej osoby <strong>tzw. pomoc konieczna. </strong>Przy pomocy koniecznej nie jest wymagana zgoda osoby, kt&oacute;rej dobro zostało zaatakowane. Wyjątek pojawia się wtedy, gdy chodzi o dobro względnej wartości społecznej, kt&oacute;rym dzierżyciel ma prawo swobodnie dysponować.</span></p>\r\n<p style="text-align: justify;"><span style="font-size: 16px;">Podsumowując, kontratyp obrony koniecznej został uregulowany w art. 25 Kodeksu Karnego. Obrona konieczna to nie tylko odparcie zamachu na swoje własne dobro, ale r&oacute;wnież dobro innych os&oacute;b. Aby odparcie zamachu mieściło się w granicach obrony koniecznej, zachowanie się napastnika musi być bezprawne tzn. sprzeczne z jakąkolwiek normą sankcjonowaną występującą w porządku prawnym przy jednoczesnym braku okoliczności wyłączających bezprawność, a także bezpośrednie tzn. istnieje wysokie prawdopodobieństwo natychmiastowego ataku na to dobro.</span></p>\r\n<p style="text-align: justify;"><span style="font-size: 16px;">Kończąc pierwszą część dotyczącą obrony koniecznej, a zawartą w dość informacyjnej pigułce, mam nadzieje, iż pozwoli to Państwu spojrzeć w innej perspektywie na opisywaną instytucję wyłączenia odpowiedzialności karnej. Nie rozwijam tematu dotyczącego przekroczenia granic obrony koniecznej, w tym także zastosowania środka niewsp&oacute;łmiernego to niebezpieczeństwa zamachu. Są to bowiem kwestie, jak najbardziej mieszczące się w tematyce obrony koniecznej, jednak nie są one treścią kontratypu obrony koniecznej. O tych aspektach powiem w kolejnych rozdziałach tematu &bdquo;Obrona konieczna- oczywistość niekoniecznie jasna&rdquo;.</span></p>'),
(187, 38, 'pl', 'meta_title', 'Obrona konieczna - oczywistość niekoniecznie jasna.'),
(188, 39, 'pl', 'title', 'Referendum - niedoceniana forma demokracji'),
(189, 39, 'pl', 'excerpt', '<p style="text-align: justify;"><span style="font-size: 16px;">W dobie wsp&oacute;łczesnego życia politycznego, wyborcy często nie zdają sobie sprawy z możliwości wyrażania swojej opinii, stanowiska na dany temat. Pomijając kwestie wybor&oacute;w parlamentarnych czy samorządowych, w tym także pobudki jakie kierują wyborcami, iż głosują na tą czy inną partię polityczną, obecna Konstytucja oferuje także inną formę demokracji, jaką jest referendum. Ze względu na to, iż sytuacja samorząd&oacute;w, w kt&oacute;rych żyjemy mogą w mniejszym bądź większym stopniu na nas&nbsp; wpływać, należy zacząć od referendum lokalnego. </span></p>');
INSERT INTO `publication_translate` (`id`, `foreign_id`, `lang`, `key`, `value`) VALUES
(190, 39, 'pl', 'text', '<p style="text-align: justify;"><span style="font-size: 16px;">W dobie wsp&oacute;łczesnego życia politycznego, wyborcy często nie zdają sobie sprawy z możliwości wyrażania swojej opinii, stanowiska na dany temat. Pomijając kwestie wybor&oacute;w parlamentarnych czy samorządowych, w tym także pobudki jakie kierują wyborcami, iż głosują na tą czy inną partię polityczną, obecna Konstytucja oferuje także inną formę demokracji, jaką jest referendum. Ze względu na to, iż sytuacja samorząd&oacute;w, w kt&oacute;rych żyjemy mogą w mniejszym bądź większym stopniu na nas&nbsp; wpływać, należy zacząć od referendum lokalnego.</span></p>\r\n<p style="text-align: justify;"><br /><span style="font-size: 16px;">Referendum lokalne uregulowane jest odrębną ustawą z dnia 15 września 2000 r., kt&oacute;ra w sprawach w niej nieuregulowanych odsyła do Kodeksu wyborczego. W referendum lokalnym mogą brać udział stali mieszkańcy danej jednostki samorządu terytorialnego (gminy, powiatu, wojew&oacute;dztwa), kt&oacute;rzy posiadają czynne prawo wyborcze [obywatele, kt&oacute;rzy ukończyli osiemnasty rok życia, najp&oacute;źniej w dniu głosowania, z wyłączeniem ograniczeń sądowych], do organu stanowiącego tej jednostki. Ustawa o referendum lokalnym wprowadza klasyfikację, prowadzącą do zr&oacute;żnicowania szczeg&oacute;ł&oacute;w postępowania referendalnego.</span></p>\r\n<p style="text-align: justify;"><span style="font-size: 16px;">Pierwszy podział (podmiotowy) polega na tym, kto może podjąć referendum. Inicjatorem może być organ stanowiący jednostki samorządu terytorialnego (rada gminy, powiatu czy sejmik wojew&oacute;dzki), bądź sami mieszkańcy w liczbie 10% os&oacute;b uprawnionych do głosowania w gminie lub powiecie oraz 5% uprawnionych os&oacute;b do głosowania w wojew&oacute;dztwie.</span></p>\r\n<p style="text-align: justify;"><span style="font-size: 16px;"> Drugi podział (przedmiotowy) wprowadza klasyfikację dotyczącą zakresu spraw r&oacute;żniących się założonym celem. Mogą to być referenda dotyczące spraw społecznych, gospodarczych lub kulturowych. Kolejnym referendum mieszczącym się w podziale przedmiotowym jest referendum w przedmiocie samo opodatkowania się mieszkańc&oacute;w na cele publiczne. Zaznaczyć należy, iż tego rodzaju referendum może być przeprowadzone tylko w gminie i nie należy mylić tej formy z wprowadzeniem nowej kategorii podatk&oacute;w, gdyż ta należy do materii ustawowej. Ostatnim referendum w tej klasyfikacji jest odwołanie organu stanowiącego jednostki samorządu terytorialnego, możliwego na wszystkich trzech szczeblach.</span></p>\r\n<p style="text-align: justify;"><span style="font-size: 16px;"> Nowelizacja ustawy o samorządzie gminnym z dnia 26 maja 2011 r. wprowadziła kolejny typ referendum lokalnego z inicjatywy mieszkańc&oacute;w. Dotyczy ono utworzenia, połączenia, podziału, bądź zniesienia gminy oraz ustalenia jej granic. Warunkiem podjęcia i efektywności takiego referendum jest możliwość finansowa gminy. Jeśli dochody podatkowe na mieszkańca gminy w zmienionych granicach lub gminy utworzonej byłyby niższe od najniższych dochod&oacute;w ustalonych ustawowo dla poszczeg&oacute;lnych gmin referendum nie może zostać przeprowadzone.</span></p>\r\n<p style="text-align: justify;"><span style="font-size: 16px;">Tytułem wstępu, mam nadzieję, iż rozpoczęliśmy zgłębianie wiedzy w tematyce referendum. W następnym artykule postaram się Państwu przedstawić zagadnienie postępowania referendalnego, wynik&oacute;w referendum lokalnego oraz jego skutki, jak r&oacute;wnież inne, choć mniej znaczące formy demokracji bezpośredniej.&nbsp;</span></p>'),
(191, 39, 'pl', 'meta_title', 'Referendum - niedoceniana forma demokracji'),
(192, 40, 'pl', 'title', 'Dowód zawarcia umowy sprzedaży w stosunkach pomiędzy przedsiębiorcami'),
(193, 40, 'pl', 'excerpt', '<p style="text-align: justify;"><span style="font-size: 16px;">Praktyka orzecznicza sąd&oacute;w, w zdecydowanej większości spraw, wskazuje, że w sporze, kt&oacute;rego przedmiotem jest nieuiszczona cena towaru, faktura VAT nie jest sama w sobie kluczowym dowodem zawarcia umowy i spełnienia świadczenia (wydania towaru). Wynika to&nbsp;z&nbsp;faktu, iż&nbsp;w&nbsp;warunkach procesu faktura posiada jedynie status dokumentu prywatnego.</span></p>'),
(194, 40, 'pl', 'text', '<p style="text-align: justify;"><span style="font-size: 16px;">Praktyka orzecznicza sąd&oacute;w, w zdecydowanej większości spraw, wskazuje, że w sporze, kt&oacute;rego przedmiotem jest nieuiszczona cena towaru, faktura VAT nie jest sama w sobie kluczowym dowodem zawarcia umowy i spełnienia świadczenia (wydania towaru). Wynika to&nbsp;z&nbsp;faktu, iż&nbsp;w&nbsp;warunkach procesu faktura posiada jedynie status dokumentu prywatnego.</span></p>\r\n<p style="text-align: justify;"><span style="font-size: 16px;"><strong>&nbsp;</strong></span></p>\r\n<p style="text-align: justify;"><span style="font-size: 16px;">W kontaktach gospodarczych pomiędzy przedsiębiorcami, szczeg&oacute;lnie w zakresie sprzedaży towar&oacute;w, większość um&oacute;w zawierana jest w formie ustnej lub w spos&oacute;b dorozumiany, gdy jedna ze&nbsp;stron składa zam&oacute;wienie a druga niezwłocznie przystępuje do jego realizacji &ndash; niekiedy bez wystawiania formalnego potwierdzenia przyjęcia zam&oacute;wienia. W takich warunkach ustanawia się zwykle odroczony termin płatności (zakup na zasadzie tzw. <em>kredytu kupieckiego</em>). Procedura sprzedaży przebiega w ten spos&oacute;b, że sprzedawca sprzedaje towar kupującemu &ndash; wystawia fakturę i&nbsp;zakreśla na niej termin zapłaty, natomiast kupujący bądź odbiera towar we&nbsp;własnym zakresie bądź jest mu on dostarczany, a następnie już po otrzymaniu towaru uiszcza określoną na fakturze należność. Problem pojawia się w&oacute;wczas, gdy mimo upływu terminu płatności kupujący nie dokonuje zapłaty.</span></p>\r\n<p style="text-align: justify;"><span style="font-size: 16px;">Pierwszym krokiem, jaki w takiej sytuacji podejmuje sprzedawca, jest wezwanie nierzetelnego kontrahenta do dobrowolnego uregulowania ceny towaru. Kiedy to działanie nie odnosi skutku, sprawa kierowana jest na drogę postępowania sądowego. W&oacute;wczas, w większości przypadk&oacute;w, sprzedający (pow&oacute;d) jako dow&oacute;d potwierdzający zawarcie umowy sprzedaży wskazuje wystawioną przez siebie fakturę VAT bowiem nierzadko tylko takim dokumentem dysponuje. Niestety, może okazać się, że wartość dowodowa faktury, jeżeli chodzi o stwierdzenie zawarcia umowy sprzedaży, jest znikoma. Zgodnie bowiem ze stanowiskiem prezentowanym przez sądy faktura VAT posiada status dokumentu prywatnego. Norma art. 245 kodeksu postępowania cywilnego stwierdza, że dokument prywatny stanowi dow&oacute;d faktu, że osoba, kt&oacute;ra go podpisała, złożyła oświadczenie określonej w nim treści. Oznacza to, że co do zasady, sama tylko faktura nie stanowi dowodu potwierdzającego zawarcie umowy sprzedaży. Jest&nbsp;to szczeg&oacute;lnie istotne bowiem jedynie udowodnienie istnienia stosunku zobowiązaniowego (umowy) i wykonania świadczenia (wydania towaru) przez jedną ze stron umożliwia skuteczne dochodzenie spełnienia świadczenia (zapłaty ceny) przez drugą stronę.</span></p>\r\n<p style="text-align: justify;"><span style="font-size: 16px;">Jak, na wypadek ewentualnego sporu, uchronić się przed zarzutem nieudowodnienia istnienia umowy sprzedaży i wykonania świadczenia wzajemnego? Przepisy kodeksu cywilnego dla ważnego i&nbsp;skutecznego zawarcia umowy sprzedaży nie przewidują określonej formy, w&nbsp;jakiej powinna zostać zawarta &ndash; za wyjątkiem sytuacji, gdy przedmiotem umowy sprzedaży jest nieruchomość lub&nbsp;przedsiębiorstwo. Z tej przyczyny, o ile strony zamierzające zawrzeć umowę sprzedaży nie ustalą, że&nbsp;powinna ona zostać zawarta w&nbsp;formie pisemnej lub innej formie szczeg&oacute;lnej, do zawarcia umowy może dojść skutecznie w&nbsp;formie ustnej. W takim przypadku nie jest konieczne podpisanie przez strony dokumentu zawierającego uzgodnione warunki umowy. Nie mniej jednak w sytuacji, gdy umowa sprzedaży została zawarta między przedsiębiorcami w formie ustnej, jedna ze stron umowy może, na zasadzie art. 77<sup>1&nbsp; </sup>kodeksu cywilnego, potwierdzić uzgodnione warunki umowy w piśmie skierowanym do drugiej strony. W&nbsp;sytuacji, gdy pismo potwierdzające jest niezgodne z treścią umowy ustnej, stronie do kt&oacute;rej zostało skierowane przysługuje prawo do wyrażenia sprzeciwu. Przyjęcie pisma potwierdzającego i brak sprzeciwu kontrahenta można odczytywać jako aprobatę &ndash; tym samym dokument &oacute;w stanowić może potwierdzenie zawarcia przez strony umowy o treści w tym piśmie sprecyzowanej. Co więcej, zdaje się, że skoro do element&oacute;w koniecznych umowy sprzedaży należy określenie rzeczy i ceny, to&nbsp;także prawidłowo sporządzona faktura, zawierająca obydwa te&nbsp;elementy, a&nbsp;nadto terminy płatności, dostatecznie precyzuje i <em>de facto</em> potwierdza treść zawartej umowy &ndash; czyli może zostać uznana za pismo potwierdzające, o&nbsp;kt&oacute;rym mowa w art. 77<sup>1 </sup>k.c<span style="text-decoration: underline;">.</span> <em>(<a href="http://orzeczenia.szczecin.so.gov.pl/content/$N/155515000004027_VIII_Ga_000082_2014_Uz_2014-05-09_001" target="_blank">wyrok Sądu Okręgowego w&nbsp;Szczecinie, z&nbsp;dnia 9&nbsp;maja 2014 roku, sygnatura akt VIII Ga 82/14</a>; wyrok Wojew&oacute;dzkiego Sądu Administracyjnego w&nbsp;Warszawie, z dnia 13 lipca 2007, II SA/Wa 728/07).</em></span></p>\r\n<p style="text-align: justify;"><span style="font-size: 16px;">Co się tyczy wartości dowodowej faktury VAT w procesie cywilnym, należy podkreślić, że&nbsp;<em>wzrasta</em> ona w przypadku, gdy dokument został podpisany zar&oacute;wno przez wystawcę jak i odbiorcę. Mimo, że przepisy podatkowe określające niezbędne elementy faktury VAT, nie wymieniają wśr&oacute;d nich podpisu, to jednak trzeba mieć świadomość, że&nbsp;postępowanie cywilne rządzi się własnymi zasadami i z punktu widzenia tegoż podpis jest w istocie niezbędny. Odbiorca podpisem złożonym na fakturze, aprobuje jej treść a pośrednio potwierdza istnienie stosunku zobowiązaniowego stanowiącego jej źr&oacute;dło. Co więcej, podpisany przez dłużnika rachunek stanowi, na zasadzie art. 485 &sect;&nbsp;1 pkt 2 kodeksu postępowania cywilnego, postawę wydania nakazu zapłaty w postępowaniu nakazowym, kt&oacute;re z punktu widzenia osoby dochodzącej roszczenia jest korzystniejsze pod względem ekonomicznym &ndash; pow&oacute;d uiszcza jedynie &frac14; opłaty związanej z wniesieniem pozwu.</span></p>\r\n<p style="text-align: justify;"><span style="font-size: 16px;">Na marginesie należy przypomnieć, że umowa sprzedaży jest umową wzajemną. Stosownie do normy wyrażonej w art. 488 &sect; 1 kodeksu cywilnego świadczenia będące przedmiotem zobowiązań z&nbsp;um&oacute;w wzajemnych powinny być spełnione jednocześnie, chyba, że na przykład z umowy wynika, iż&nbsp;jedna ze stron obowiązana jest do wcześniejszego świadczenia. Oznacza to, że co do zasady, samo przyjęcie towaru za oferowaną w&nbsp;fakturze cenę rodzi natychmiastowy obowiązek zapłaty, o ile strony uprzednio nie poczyniły ustaleń odmiennie regulujących warunki zapłaty <em>(wyrok Sądu Apelacyjnego w&nbsp;Katowicach z dnia 17 stycznia 1992 r. I ACr 3/92). </em>Jednocześnie warto mieć na uwadze, że zgodnie z art. 488 &sect; 2 kodeksu cywilnego, jeżeli świadczenia wzajemne powinny być spełnione jednocześnie, każda ze stron może powstrzymać się ze spełnieniem świadczenia, dop&oacute;ki druga strona nie zaofiaruje świadczenia wzajemnego &ndash; na gruncie umowy sprzedaży kontrahent może wstrzymać się z zapłatą ceny, jeżeli np. nie wydano mu towaru. W&nbsp;przypadku sporu w związku z brakiem uiszczenia ceny towaru, dłużnicy zwykle starają się odeprzeć żądanie twierdząc, że co prawda nie zapłaty nie dokonano, ale wyłącznie z tej przyczyny, że druga nie zaoferowała/dostarczyła/wydała zam&oacute;wionych rzeczy. Z tych względ&oacute;w do&nbsp;pozwu warto załączyć dokumenty potwierdzające spełnienie świadczenia wzajemnego &ndash; wydanie towaru (np. dokument WZ). Oczywiście i w tym przypadku warto zadbać, aby odbi&oacute;r został potwierdzony podpisem kupującego lub upoważnionej przez niego osoby (np.&nbsp;pracownika).</span></p>\r\n<p style="text-align: justify;"><span style="font-size: 16px;">Podsumowując, w przypadku braku umowy sprzedaży w formie pisemnej warto potwierdzić jej treść na piśmie bądź uzyskać aprobatę rachunku/faktury w postaci podpisu odbiorcy. Warto r&oacute;wnież zadbać o dokumenty potwierdzające spełnienie świadczenia wzajemnego. W&oacute;wczas dowiedzenie istnienia roszczenia będzie znacząco ułatwione a&nbsp;postępowanie przed sądem&nbsp;mniej czasochłonne (brak konieczności słuchania świadk&oacute;w) oraz mniej kosztowne (postępowanie nakazowe).</span></p>'),
(195, 40, 'pl', 'meta_title', 'Dowód zawarcia umowy sprzedaży w stosunkach pomiędzy przedsiębiorcami'),
(196, 41, 'pl', 'title', 'Procedura wypowiedzenia umowy leasingu w warunkach braku płatności rat leasingowych'),
(197, 41, 'pl', 'excerpt', '<p style="text-align: justify;"><span style="font-size: 16px;">Uchybienie obowiązkowi terminowego uiszczania rat leasingowych może stanowić podstawę wypowiedzenia umowy leasingu, o ile zostaną spełnione przesłanki określone w&nbsp;art.&nbsp;709<sup>13</sup>&nbsp;&sect; 2 kodeksu cywilnego, a mianowicie: 1) korzystający sp&oacute;źni się z zapłatą przynajmniej jednej raty, 2) finansujący wyznaczy korzystającemu odpowiedni termin dodatkowy do&nbsp;zapłacenia zaległości z zagrożeniem wypowiedzenia umowy, 3) dodatkowy termin upłynie bezskutecznie.</span></p>'),
(198, 41, 'pl', 'text', '<p style="text-align: justify;"><span style="font-size: 16px;">Uchybienie obowiązkowi terminowego uiszczania rat leasingowych może stanowić podstawę wypowiedzenia umowy leasingu, o ile zostaną spełnione przesłanki określone w&nbsp;art.&nbsp;709<sup>13</sup>&nbsp;&sect; 2 kodeksu cywilnego, a mianowicie: 1) korzystający sp&oacute;źni się z zapłatą przynajmniej jednej raty, 2) finansujący wyznaczy korzystającemu odpowiedni termin dodatkowy do&nbsp;zapłacenia zaległości z zagrożeniem wypowiedzenia umowy, 3) dodatkowy termin upłynie bezskutecznie.</span></p>\r\n<p style="text-align: justify;"><span style="font-size: 16px;"><strong>&nbsp;</strong></span></p>\r\n<p style="text-align: justify;"><span style="font-size: 16px;">Istotą umowy leasingu jest, że finansujący zobowiązuje się, w zakresie działalności swego przedsiębiorstwa, nabyć rzecz od oznaczonego zbywcy, na warunkach określonych w tej umowie i&nbsp;oddać tę rzecz korzystającemu do używania albo używania i pobierania pożytk&oacute;w, przez oznaczony czas, a korzystający zobowiązuje się zapłacić finansującemu w uzgodnionych ratach wynagrodzenie pieniężne, r&oacute;wne co najmniej cenie lub wynagrodzeniu z tytułu nabycia rzeczy przez finansującego. Obowiązek zapłaty wynagrodzenia jest zatem podstawowym obowiązkiem korzystającego &ndash; jego nienależyte wykonanie wiąże się z sankcją w postaci wypowiedzenia umowy przez finansującego.</span></p>\r\n<p style="text-align: justify;"><span style="font-size: 16px;">Przepisy dotyczące umowy leasingu wskazują, że zapłata wynagrodzenia następuje w ratach i&nbsp;w&nbsp;terminach uzgodnionych przez strony umowy. Uchybienie obowiązkowi terminowego uiszczania rat leasingowych może stanowić podstawę wypowiedzenia umowy leasingu, o ile zostaną spełnione przesłanki określone w art. 709<sup>13</sup> &sect; 2 kodeksu cywilnego (dalej k.c.), a mianowicie: 1) korzystający sp&oacute;źni się z&nbsp;zapłatą przynajmniej jednej raty, 2) finansujący wyznaczy korzystającemu odpowiedni termin dodatkowy do zapłacenia zaległości z zagrożeniem wypowiedzenia umowy, 3) dodatkowy termin upłynie bezskutecznie tj. korzystający nie dokona zapłaty przed jego upływem.</span></p>\r\n<p style="text-align: justify;"><span style="font-size: 16px;">Przesłanką realizacji prawa do wypowiedzenia umowy leasingu jest w pierwszej kolejności powstanie po stronie korzystającego zwłoki z zapłatą co najmniej jednej, pełnej raty określonej&nbsp;umowie. Mowa tu o sytuacji, gdy op&oacute;źnienie w zapłacie następuje na skutek okoliczności, za kt&oacute;re korzystający ponosi odpowiedzialność, przy czym jak wskazują teoretycy prawa okoliczności te mogą być przez niego zar&oacute;wno zawinione jak i niezawinione <em>(K. Kopaczyńska-Pieczniak, Komentarz do art. 709<sup>13 </sup>Kodeksu cywilnego, Lex nr 462780).</em></span></p>\r\n<p style="text-align: justify;"><span style="font-size: 16px;">Kolejną przesłanką jest wyznaczenie korzystającemu, przez finansującego, odpowiedniego dodatkowego terminu do zapłacenia zaległości. Długość owego terminu nie jest z g&oacute;ry określona, zależy od uznania finansującego, jednak każdorazowo&nbsp;powinna być determinowana przez okoliczności konkretnego przypadku. Określenie <em>odpowiedni</em> (inaczej adekwatny, stosowny, właściwy) wskazuje tu na konieczność uwzględnienia dobra, pożytku obydwu stron umowy, tak aby korzystający faktycznie miał możliwość uiszczenia należności, a finansujący m&oacute;gł ją otrzymać w&nbsp;słusznym terminie, bez konieczności dalszego, długotrwałego oczekiwania na zapłatę. Obowiązek wyznaczenia dodatkowego terminu obciąża finansującego zawsze, niezależnie od tego, jak długo korzystający sp&oacute;źnia się z&nbsp;zapłatą. Kluczową kwestią jest, aby wyznaczenie dodatkowego terminu nastąpiło w formie pisemnej, z&nbsp;zagrożeniem, że w razie bezskutecznego jego upływu finansujący będzie uprawniony do&nbsp;wypowiedzenia umowy. Brak takiego rygoru w treści oświadczenia spowoduje, że nie ziści się przesłanka powstania prawa do wypowiedzenia umowy <em>(K. Kopaczyńska-Pieczniak, Komentarz do art. 709<sup>13 </sup>Kodeksu cywilnego, Lex nr 462780).</em> W kontekście omawianej przesłanki warto mieć na uwadze treść art. 61 k.c. zgodnie z kt&oacute;rym oświadczenie woli złożone innej osobie, uważa się złożone z chwilą, gdy doszło do niej w taki spos&oacute;b, że mogła zapoznać się z jego treścią. Z&nbsp;tych przyczyn kolejny termin zapłaty warto ustalić w odniesieniu do dnia, w kt&oacute;rym korzystający zapoznał się z&nbsp;oświadczeniem finansującego w przedmiocie wyznaczenia dodatkowego terminu &ndash; dla przykładu 14&nbsp;dni od dnia odbioru pisma. Praktyka wskazuje, że&nbsp;z&nbsp;ostrożności i&nbsp;dla cel&oacute;w dowodowych, pismo zawierające w/w oświadczenie warto przekazać korzystającemu w taki spos&oacute;b, aby uzyskać potwierdzenie jego dostarczenia, na&nbsp;przykład wysłać listem poleconym z potwierdzeniem odbioru.</span></p>\r\n<p style="text-align: justify;"><span style="font-size: 16px;">Ostatnim warunkiem powstania prawa wypowiedzenia umowy leasingu jest bezskuteczny upływ odpowiedniego, dodatkowego terminu wyznaczonego uprzednio przez finansującego. Zapłata zaległości, dokonana przez korzystającego po upływie dodatkowego terminu, co do zasady nie stanowi przeszkody w wykonaniu prawa wypowiedzenia umowy przez finansującego <em>(K.&nbsp;Kopaczyńska-Pieczniak, Komentarz do art. 709<sup>13 </sup>Kodeksu cywilnego, Lex nr 462780).</em></span></p>\r\n<p style="text-align: justify;"><span style="font-size: 16px;">Ziszczenie wszystkich wymienionych warunk&oacute;w powoduje po stronie finansującego prawo wypowiedzenia umowy leasingu ze skutkiem natychmiastowym, chyba że strony uzgodniły inny termin. Wypowiedzenie dokonane mimo nieziszczenia przynajmniej jednej przesłanki powstania prawa do wypowiedzenia jest czynnością sprzeczną z prawem, a więc nieważną co oznacza, że nie wywołuje zamierzonych skutk&oacute;w prawnych <em>(K. Kopaczyńska-Pieczniak, Komentarz do art. 709<sup>13 </sup>Kodeksu cywilnego, Lex nr 462780).</em></span></p>\r\n<p style="text-align: justify;"><span style="font-size: 16px;">Postanowienia umowy leasingu mniej korzystne dla korzystającego, aniżeli określone w&nbsp;art.&nbsp;709<sup>13</sup> &sect;&nbsp;2&nbsp;k.c. są nieważne. Nieważność postanowienia mniej korzystnego nie powoduje nieważności umowy &ndash; w miejsce nieważnych postanowień stosuje się regulacje zawartą w art. 709<sup>13</sup> &sect;&nbsp;2&nbsp;k.c. Jednocześnie nic nie stoi na przeszkodzie, aby umowa leasingu zawierała postanowienia korzystniejsze niż regulacja kodeksowa, dlatego też prawo do wypowiedzenia może zostać uzależnione od zwłoki w zapłacie większej liczby rat, lub wprowadzony może zostać wym&oacute;g więcej niż jednego wezwania do zapłaty.</span></p>\r\n<p style="text-align: justify;"><span style="font-size: 16px;">Niezależnie od prawa wypowiedzenia umowy leasingu, finansujący może w razie zwłoki korzystającego żądać zapłaty odsetek, a także, abstrahując od żądania wykonania obowiązku zapłaty, naprawienia szkody wynikłej ze zwłoki. Niedopuszczalne natomiast jest zastrzeżenie kary umownej w&nbsp;odniesieniu do obowiązku korzystającego zapłaty wynagrodzenia <em>(<a href="http://www.sn.pl/sites/orzecznictwo/Orzeczenia2/V%20CK%2090-05-1.pdf" target="_blank">wyrok SN z dnia 18 sierpnia 2005 r., V&nbsp;CK 90/05, Mon. Praw. 2005, nr 18</a>). </em>W razie wypowiedzenia przez finansującego umowy leasingu na skutek okoliczności, za kt&oacute;re korzystający ponosi odpowiedzialność (zwłoka w zapłacie rat), finansujący może żądać od korzystającego natychmiastowego zapłacenia wszystkich przewidzianych w umowie a niezapłaconych rat, pomniejszonych o korzyści, jakie finansujący uzyskał w skutek ich zapłaty przed um&oacute;wionym terminem i rozwiązania umowy leasingu.</span></p>\r\n<p style="text-align: justify;"><span style="font-size: 16px;">Konkludując, aby finansujący m&oacute;gł dokonać skutecznego i ważnego wypowiedzenia umowy leasingu, w&nbsp;przypadku zwłoki z zapłatą rat leasingowych, muszą zaistnieć trzy elementy, o kt&oacute;rych mowa w art. 709<sup>13</sup> &sect;&nbsp;2&nbsp;k.c.: 1) zwłoka korzystającego z zapłatą minimum jednej raty, wynikająca z&nbsp;okoliczności za kt&oacute;re ponosi on odpowiedzialność, 2) pisemne oświadczenie finansującego, w&nbsp;kt&oacute;rym pod rygorem wypowiedzenia umowy wyznaczy on korzystającemu dodatkowy termin zapłaty, 3) brak wpłaty korzystającego w&nbsp;wyznaczonym dodatkowym terminie.</span></p>\r\n<p style="text-align: justify;"><span style="font-size: 16px;">&nbsp;</span></p>'),
(199, 41, 'pl', 'meta_title', 'Procedura wypowiedzenia umowy leasingu w warunkach braku płatności rat leasingowych'),
(200, 42, 'pl', 'title', 'Prokura – pełnomocnictwo handlowe'),
(201, 42, 'pl', 'excerpt', '<p style="text-align: justify;"><span style="font-size: 16px;">Prokura stanowi szczeg&oacute;lnego rodzaju pełnomocnictwo, jedno z najszerszych znanych pełnomocnictw. Jej wyjątkowość polega na ograniczonym kręgu mocodawc&oacute;w. Legitymację czynną do udzielenia prokury posiada przedsiębiorca podlegający obowiązkowi wpisu do rejestru przedsiębiorc&oacute;w. Tego rodzaju pełnomocnictwa może udzielić wyłącznie przedsiębiorca wpisany do Krajowego Rejestru Sądowego (skr&oacute;t KRS) bądź do Centralnej Ewidencji i Informacji o Działalności Gospodarczej (skr&oacute;t <em>CEIDG</em>). Zakres prokury&nbsp; jest znacznie szerszy od zakresu pełnomocnictwa og&oacute;lnego. Umocowanie prokurenta obejmuje nie tylko&nbsp; czynności zwykłego zarządu. Zgodnie z brzmieniem art.109<sup>2</sup> k.c. prokurentem może zostać osoba fizyczna legitymująca się pełną zdolnością do czynności prawnych. Zatem prokurentem może być tylko człowiek, kt&oacute;remu nie została ograniczona zdolność do czynności prawnych.</span></p>'),
(202, 42, 'pl', 'text', '<p class="Standard" style="text-align: justify;"><span style="font-size: 16px;">Prokura stanowi szczeg&oacute;lnego rodzaju pełnomocnictwo, jedno z najszerszych znanych pełnomocnictw. Jej wyjątkowość polega na ograniczonym kręgu mocodawc&oacute;w. Legitymację czynną do udzielenia prokury posiada przedsiębiorca podlegający obowiązkowi wpisu do rejestru przedsiębiorc&oacute;w. Tego rodzaju pełnomocnictwa może udzielić wyłącznie przedsiębiorca wpisany do Krajowego Rejestru Sądowego (skr&oacute;t KRS) bądź do Centralnej Ewidencji i Informacji o Działalności Gospodarczej (skr&oacute;t <em>CEIDG</em>). Zakres prokury&nbsp; jest znacznie szerszy od zakresu pełnomocnictwa og&oacute;lnego. Umocowanie prokurenta obejmuje nie tylko&nbsp; czynności zwykłego zarządu. Zgodnie z brzmieniem art.109<sup>2</sup> k.c. prokurentem może zostać osoba fizyczna legitymująca się pełną zdolnością do czynności prawnych. Zatem prokurentem może być tylko człowiek, kt&oacute;remu nie została ograniczona zdolność do czynności prawnych.<br /></span></p>\r\n<p style="text-align: justify;"><br /><span style="font-size: 16px;">Instytucja pełnomocnictwa, tzw. handlowego, została szczeg&oacute;łowo uregulowana w Ustawie z dnia 23 kwietnia 1964 r. - Kodeks cywilny w Dziale IV, rozdziale III (art. od Art. 109<sup>1</sup> do Art. 109<sup>9</sup>). </span><span style="font-size: 16px;">Prokura jest pełnomocnictwem udzielonym przez przedsiębiorcę podlegającego obowiązkowi wpisu do rejestru przedsiębiorc&oacute;w, kt&oacute;re obejmuje umocowanie do czynności sądowych i pozasądowych, jakie są związane z prowadzeniem przedsiębiorstwa.</span></p>\r\n<p class="Standard" style="text-align: justify;"><span style="font-size: 16px;">Prokura może zostać udzielona na kilka sposob&oacute;w, umocowując przedstawiciela do szerszej bądź wąskiej możliwości działania w imieniu mocodawcy. Wyr&oacute;żniamy prokurę samodzielną, prokurę łączną, prokurę łączną niewłaściwą, reprezentację mieszaną oraz prokurę oddziałową. Zgodzie z Kodeksem Cywilnym&nbsp; prokurę można ograniczyć do zakresu spraw wpisanych do rejestru oddziału przedsiębiorstwa (prokura oddziałowa art. 109<sup>5</sup>). Kolejno, prokura samodzielna charakteryzuje się tym, że prokurent może być uprawniony do samodzielnego reprezentowania sp&oacute;łki. Mocodawca może zastrzec prawo reprezentacji jedynie wraz z innym prokurentem, mamy w&oacute;wczas do czynienia z prokurą łączną. W&oacute;wczas kierowane do przedsiębiorcy oświadczenia lub doręczenia pism mogą być dokonywane wobec jednej z os&oacute;b, kt&oacute;rym udzielono prokury łącznie. Rzadziej można było spotkać się z konstrukcją prokury łącznej niewłaściwej, stanowiącej duże ograniczenie, kiedy to prokurent miał prawo działać tylko łącznie z innym członkiem zarządu.</span></p>\r\n<p class="Standard" style="text-align: justify;"><span style="font-size: 16px;"> W <a href="http://www.sn.pl/sites/orzecznictwo/orzeczenia3/iii%20czp%2034-14.pdf" target="_blank">uchwale składu 7 sędzi&oacute;w, podjętej dnia 30 stycznia 2015 roku Sąd Najwyższy (sygn. akt III CZP 34/14)</a> stwierdził jednoznacznie, że dokonanie wpisu do rejestru przedsiębiorc&oacute;w&nbsp; prokurenta, z zastrzeżeniem, że jest uprawniony do działania wyłącznie z członkiem zarządu jest niedopuszczalne. Do tego czasu dwukrotnie SN podejmował temat dopuszczalności ustanawiania prokurenta uprawnionego do działania jedynie łącznie z członkiem zarządu. Zgodnie z <a href="http://www.sn.pl/sites/orzecznictwo/orzeczenia1/iii%20czp%206-01-1.pdf" target="_blank">uchwalą Sądu Najwyższego z dnia 27 maja 2001 roku (III CZP 6/01)</a> takie działanie było dopuszczalne. Sąd Najwyższy w uchwale z 2015 roku zmienił dotychczasową praktykę jednoznacznie negatywnie wypowiadając się na temat możliwość wpisania do rejestru przedsiębiorc&oacute;w Krajowego Rejestru Sądowego prokurenta, kt&oacute;ry m&oacute;głby reprezentować sp&oacute;łkę tylko łącznie z innym członkiem zarządu. Sąd Najwyższy uznał sprzeczność prokury niewłaściwej z art. 38 k.c., zgodnie z kt&oacute;rym osoba prawna działa przez swoje organy w spos&oacute;b przewidziany w ustawie i w opartym na niej statucie. Zdaniem SN dotychczasowa praktyka prowadziła do oznaczenia sposobu reprezentacji sp&oacute;łki w oświadczeniu zarządu, a nie w ustawie lub opartym na niej statucie. Uchwała wywołała sporo kontrowersji, ponieważ bezpośrednio z Kodeksu Sp&oacute;łek Handlowych wynika możliwość&nbsp; wsp&oacute;łdziałania prokurenta z członkiem zarządu. Zgodnie z art. 205. &sect; 1. k.s.h. jeżeli zarząd sp&oacute;łki z ograniczoną odpowiedzialnością jest wieloosobowy, a umowa sp&oacute;łki nie zawiera żadnych postanowień w przedmiocie sposobu jej reprezentacji, do składania oświadczeń w imieniu sp&oacute;łki wymagane jest wsp&oacute;łdziałanie dw&oacute;ch członk&oacute;w zarządu albo jednego członka zarządu łącznie z prokurentem. Tego samego rodzaju problem spotykamy na kanwie art. 205 k.s.h. dotyczącego reprezentacji w odniesieniu do sp&oacute;łek akcyjnych). Zgodnie z <a href="http://www.sn.pl/sites/orzecznictwo/orzeczenia3/iii%20czp%2034-14.pdf" target="_blank">Uchwałą Sądu Najwyższego w sprawie o sygn. akt III CZP 34/14</a><em> uznaje się, że wpisy w Krajowym Rejestrze Sądowym prokury jednoosobowej określanej jako prokura łączna z członkiem zarządu, powinny zostać wykreślone. Za podstawę do ich wykreślenia zgodnie z wykładnią SN&nbsp; stanowi art. 12 ust. 3 ustawy o Krajowym Rejestrze Sądowym.</em></span></p>\r\n<p class="Standard" style="text-align: justify;"><span style="font-size: 16px;"><em>Prokura może zostać </em>ograniczona <em>ze skutkiem zewnętrznym, tego rodzaju zastrzeżenie jest dopuszczalne między przedsiębiorcą a prokurentem. Nie mniej jednak zgodnie z </em>art. 109<sup>1</sup> &sect; 2 k.c. nie można ograniczyć prokury ze skutkiem wobec os&oacute;b trzecich. Na gruncie umowy pomiędzy przedsiębiorcą a prokurentem<em> oznacza to, że ograniczenie uprawnień prokurenta jest dopuszczalne, ale zastrzeżenia te nie są skuteczne wobec os&oacute;b trzecich. Innymi słowy, czynność dokonana przez prokurenta wbrew wewnętrznym ograniczeniom jest wobec osoby trzeciej ważna a prokurent ponosi odpowiedzialność tylko wobec mocodawcy. Art. </em>109<sup>1</sup>. &sect; 2 chroni pewność obrotu, stanowi gwarancję ważności czynności dokonanych z prokurentem w zakresie jego umocowania. Zakres ten jest stały, ponieważ wynika wprost z&nbsp; ustawy (por. Orzeczenie SN z 4 listopada 1927 r., C 586/27, OSP 1928, poz. 458).</span></p>\r\n<p class="Standard" style="text-align: justify;"><span style="font-size: 16px;">Zgodnie z art. 109<sup>2</sup> &sect; 1 k.c. prokura winna zostać udzielona na piśmie pod rygorem nieważności. Co oznacza, że nie zachowanie tej formy skutkuje bezskutecznością czynności prokurenta, ponieważ w&oacute;wczas nie ma on umocowania do działania w imieniu przedsiębiorcy. Co prawda fakt udzielenia i wygaśnięcia prokury przedsiębiorca powinien zgłosić do rejestru przedsiębiorc&oacute;w, nie mniej jednak prokura trwa od momentu jej udzielenia, wpis ma tutaj charakter deklaratoryjny nie zaś konstytutywny. Tym samym, jeżeli wpis nie jest zgodny ze stanem rzeczywistym, to sam fakt fizycznego ujawnienia imienia i nazwiska prokurenta nie stanowi przesłanki jego umocowania. Reasumując wpis ma charakter informacyjny wobec osoby trzeciej. Zgłoszenie do rejestru musi zawierać określenie rodzaju prokury, a w przypadku prokury łącznej r&oacute;wnież spos&oacute;b jej wykonywania. Prokurent składa własnoręczny podpis zgodnie ze znajdującym się w aktach rejestrowych wzorem podpisu, wraz z dopiskiem wskazującym na prokurę, chyba że z treści dokumentu wynika, że działa jako prokurent (art. 109<sup>9</sup> k.c.). Przedsiębiorca, bądź jego następy prawni (jeżeli prokura wygaśnie wskutek śmierci) są na mocy prawa zobowiązani do zgłoszenia udzielenia oraz wygaśnięcia prokury. Prokura nie może być przeniesiona, jednakże prokurent może ustanowić pełnomocnika do poszczeg&oacute;lnej czynności lub pewnego rodzaju czynności. Prokurent udzielając dalszego pełnomocnictwa, jest zawsze związany zakresem własnego umocowania.</span></p>\r\n<p class="Standard" style="text-align: justify;"><span style="font-size: 16px;">Prokura obejmuje podejmowanie wszelkich czynności związanych z prowadzeniem przedsiębiorstwa z wyłączeniem czynności o kt&oacute;rych mowa&nbsp; w&nbsp; art. 109<sup>3</sup> k.c. Ustawodawca zastrzegł, że do zbycia przedsiębiorstwa, do dokonania czynności prawnej, na podstawie kt&oacute;rej następuje oddanie go do czasowego korzystania, oraz do zbywania i obciążania nieruchomości jest wymagane pełnomocnictwo do poszczeg&oacute;lnej czynności. Zatem prokura nie obejmuje czynności związkowych z majątkowym rozporządzaniem przedsiębiorstwem, takich jak np. zawarcie przez prokurenta przedwstępnej umowy sprzedaży przedsiębiorstwa.</span></p>\r\n<p class="Standard" style="text-align: justify;"><span style="font-size: 16px;"> Przedsiębiorca może w każdej chwili odwołać prokurę (art. 109<sup>7</sup> k.c.). Prokura wygasa wskutek wykreślenia przedsiębiorcy z rejestru, a także ogłoszenia upadłości, otwarcia likwidacji oraz przekształcenia przedsiębiorcy jak r&oacute;wnież z chwilą&nbsp; śmierci prokurenta. Zgodnie z <a href="http://www.sn.pl/sites/orzecznictwo/orzeczenia1/iii%20czp%2045-06.pdf" target="_blank">Uchwałą Sądu Najwyższego &ndash; Izba Cywilna z dnia 21 lipca 2006 r. III CZP 45/2006</a> z chwilą ogłoszenia upadłości prokura wygasa, a nowa nie może być ustanowiona (art. 109[7] &sect; 2 k.c.). Śmierć przedsiębiorcy ani utrata przez niego zdolności do czynności prawnych nie powoduje wygaśnięcia prokury.</span></p>\r\n<p class="Standard" style="text-align: justify;" align="left"><span style="font-size: 16px;">Reasumując, prokura jest pełnomocnictwem udzielonym przez przedsiębiorcę podlegającego obowiązkowi wpisu do rejestru przedsiębiorc&oacute;w, kt&oacute;re obejmuje umocowanie do czynności sądowych oraz pozasądowych, jakie są związane z prowadzeniem przedsiębiorstwa. Przedsiębiorca pod rygorem nieważności udziela prokury na piśmie. Całość instytucji prokury została uregulowana&nbsp; w Kodeksie Cywilnym oraz Kodeksie Sp&oacute;łek Handlowych. <em>Prokury </em>nie można ograniczyć ze skutkiem wobec os&oacute;b trzecich. Prokurent działa z bezpośrednim skutkiem prawnym dla mocodawcy, w jego mieniu, nie składa własnego oświadczenie woli. Prokurent reprezentuje przedsiębiorcę bez konieczności uczestniczenia w dokonywanych czynnościach przez jego organy.</span></p>'),
(203, 42, 'pl', 'meta_title', 'PROKURA – PEŁNOMOCNICTWO HANDLOWE'),
(204, 43, 'pl', 'title', 'Jak obniżyć składki ZUS'),
(205, 43, 'pl', 'excerpt', '<p style="text-align: justify;"><span style="font-size: 16px;">Każdy przedsiębiorca wiele razy zastanawia się i głowi jak obniżyć składki ZUS. Jest to pytanie, kt&oacute;re zadaje sobie każdy kto odprowadza składki ZUS. Ot&oacute;ż być może jest wiele sposob&oacute;w, ale czy są one legalne z punktu widzenia prawa? Każdy ponosi ryzyko takie jakie jest skłonne zaakceptować, ale czy warto?</span></p>'),
(206, 43, 'pl', 'text', '<p style="text-align: justify;"><span style="font-size: 16px;">Każdy przedsiębiorca wiele razy zastanawia się i głowi jak obniżyć składki ZUS. Jest to pytanie, kt&oacute;re zadaje sobie każdy kto odprowadza składki ZUS. Ot&oacute;ż być może jest wiele sposob&oacute;w, ale czy są one legalne z punktu widzenia prawa? Każdy ponosi ryzyko takie jakie jest skłonne zaakceptować, ale czy warto?</span></p>\r\n<p style="text-align: justify;"><span style="font-size: 16px;">Obecnie składka na ZUS wynosi:</span></p>\r\n<ul style="text-align: justify;">\r\n<li><span style="font-size: 16px;">Ubezpieczenie społeczne: 754,67 zł,</span></li>\r\n<li><span style="font-size: 16px;">Ubezpieczenie zdrowotne: 279,41 zł,</span></li>\r\n<li><span style="font-size: 16px;">Fundusz Pracy: 58,20 zł.</span></li>\r\n</ul>\r\n<p style="text-align: justify;"><span style="font-size: 16px;">Podane kwoty obejmują obciążenie dobrowolną składką na ubezpieczenie chorobowe.</span></p>\r\n<p style="text-align: justify;"><span style="font-size: 16px;">Łącznie jest to kwota 1092,28 zł.</span></p>\r\n<p style="text-align: justify;"><span style="font-size: 16px;">Podmioty objęte obowiązkiem ubezpieczenia społecznego zostały wskazane w Rozdziale 2. ustawy o systemie ubezpieczeń społecznych. Jednakże okazuje się, że nie każda osoba wymieniona w ustawie musi podlegać polskiemu systemowi ubezpieczeń społecznych. Zastosowanie mogą bowiem znaleźć regulacje międzynarodowe dotyczące koordynacji system&oacute;w zabezpieczenia społecznego. Zasadą tych regulacji jest odprowadzanie składek na ubezpieczenie społeczne tylko w jednym państwie. Dotyczy to szczeg&oacute;lnie tych os&oacute;b, kt&oacute;re prowadzą działalność gospodarczą w kilku krajach lub np. prowadzą działalność gospodarczą i wykonują pracę r&oacute;żnych państwach.</span></p>\r\n<p style="text-align: justify;"><span style="font-size: 16px;">W przypadku takich os&oacute;b należy ustalić kt&oacute;re ustawodawstwo będzie właściwe. Mogą tu znaleźć zastosowanie r&oacute;żne przepisy w zależności od tego czy polski przedsiębiorca wykonuje pracę w kraju należącym do UE czy też spoza UE. Niemniej regułą w obu przypadkach jest obowiązek odprowadzania składek na ubezpieczenie społeczne w tym Państwie, w kt&oacute;rym wykonywana jest praca.</span></p>\r\n<p style="text-align: justify;"><span style="font-size: 16px;">Przechodząc do meritum tematu: Jak zmniejszyć składki ZUS?</span></p>\r\n<ul style="text-align: justify;">\r\n<li><span style="font-size: 16px;">PŁACIĆ SKŁADKI ZA GRANICĄ</span></li>\r\n</ul>\r\n<p style="text-align: justify;"><span style="font-size: 16px;">W uproszczeniu:&nbsp; polski przedsiębiorca powinien znaleźć zatrudnienie za granicą. Osoba wykonująca pracę najemną i na własny rachunek podlega ustawodawstwu Państwa w kt&oacute;rym wykonuje pracę najemną. Koszt składki ok. 400 zł, taką usługę oferuje wiele pośrednik&oacute;w. Sąd Najwyższy uznał że ZUS nie może kwestionować takich zagranicznych etat&oacute;w. UWAGA: organy kontroli za granicą mogą to podważyć.</span></p>\r\n<p style="text-align: justify;"><span style="font-size: 16px;">Osoba prowadząc działalność gospodarczą w Polsce i r&oacute;wnocześnie zatrudniona na podstawie umowy o pracę za granicą (w kraju UE) nie ma obowiązku odprowadzania składek z tytułu prowadzenia działalności w Polsce tylko z umowy o pracę za granicą. Podlega ubezpieczeniu w kraju, w kt&oacute;rym pracuje na etacie.</span></p>\r\n<p style="text-align: justify;"><span style="font-size: 16px;">Oczywiście ZUS może podważyć taką decyzję i zażądać dowod&oacute;w na to że praca jest rzeczywiście wykonywana za granicą np. bilety przejazdu.</span></p>\r\n<p style="text-align: justify;"><span style="font-size: 16px;">Jednak Sąd Najwyższy uznał iż :</span></p>\r\n<p style="text-align: justify;"><span style="font-size: 16px;"><em>"Osoba podejmująca pracę w innym państwie Unii podlega w zakresie ubezpieczeń społecznych ustawodawstwu tego państwa członkowskiego, w kt&oacute;rym wykonywana jest praca najemna."</em></span></p>\r\n<p style="text-align: justify;"><span style="font-size: 16px;">Co najważniejsze ZUS nie ma kompetencji do kwestionowania zagranicznej umowy, może co najwyżej wystąpić z wnioskiem o zbadanie takiej umowy do instytucji innego państwa.</span></p>\r\n<ul style="text-align: justify;">\r\n<li><span style="font-size: 16px;">ZAŁ&Oacute;Ż DZIAŁALNOŚĆ GOSPODARCZĄ ZA GRANICĄ</span></li>\r\n</ul>\r\n<p style="text-align: justify;"><span style="font-size: 16px;">Zakładając działalność gospodarczą za granicą np. w Anglii zyskujemy bardzo dużo. M. in. składka na ZUS wynosi 50 zł, emerytura minimalna na poziomie ok. 2500 zł, kwita wolna od podatku dochodowego ok. 60 000 (w Polsce 3100), możliwość otworzenia oddziału firmy w Polsce.</span></p>\r\n<ul style="text-align: justify;">\r\n<li><span style="font-size: 16px;">PRZEKSZTAŁCIĆ DZIAŁALNOŚĆ GOSPODARCZĄ W SP&Oacute;ŁKĘ Z O.O.</span></li>\r\n</ul>\r\n<p style="text-align: justify;"><span style="font-size: 16px;">Sprzedać udziały sp&oacute;łki więcej niż 1 osobie. Prezes zarządu wykonuje w tym przypadku swoje obowiązki na podstawie powołania i nie odprowadza składek ZUS.</span></p>\r\n<p style="text-align: justify;"><span style="font-size: 16px;">Nie obawiajmy się w tym przypadku obowiązku posiadania kapitału zakładowego 5 tys. zł bowiem nie muszą być te pieniądze lokowane na koncie. Są to środki zadeklarowane jako dostępne, można nimi obracać.</span></p>\r\n<p style="text-align: justify;"><span style="font-size: 16px;">Minusem mogą być koszty prowadzenia pełnej księgowości (niekoniecznie są to jednak wysokie koszta).</span></p>\r\n<p style="text-align: justify;"><span style="font-size: 16px;">Wbrew opiniom nie należy obawiać się założenia sp&oacute;łki z o.o.</span></p>\r\n<ul style="text-align: justify;">\r\n<li><span style="font-size: 16px;">PRZEJDŹ DO KRUS</span></li>\r\n</ul>\r\n<p style="text-align: justify;"><span style="font-size: 16px;">Spos&oacute;b przejścia do KRUS: kupno 1 hektara przeliczeniowego ziemi i wykazanie się działalnością rolniczą</span></p>\r\n<p style="text-align: justify;"><span style="font-size: 16px;">-DO NIEDAWNA! Po 3 latach można prowadzić działalność gospodarczą.</span></p>\r\n<p style="text-align: justify;"><span style="font-size: 16px;">Wystarczy kupić udział w gospodarstwie rolnym i płacić kwartalnie 378 zł.</span></p>\r\n<h3 style="text-align: justify;"><span style="font-size: 16px;">Podsumowując, zastan&oacute;w się jaka forma jest dla Ciebie najkorzystniejsza, jakie masz możliwości. Przeanalizuj wszystkie za i przeciw. Być może Twoja firma może dużo zaoszczędzić.</span></h3>\r\n<p class="Standard">&nbsp;</p>'),
(207, 43, 'pl', 'meta_title', 'Jak obniżyć składki ZUS'),
(208, 44, 'pl', 'title', 'Przestępstwo – jako czyn zabroniony'),
(209, 44, 'pl', 'excerpt', '<p style="text-align: justify;"><span style="font-size: 16px;">Dziś odpowiemy sobie na pytanie, czym tak naprawdę jest przestępstwo i kto za nie odpowiada. W polskim prawie odpowiedzialności karnej podlega osoba, kt&oacute;ra ukończyła lat 17, jednak ustawa dopuszcza pewne wyjątki, gdzie odpowiedzialność może ponieść małoletni, kt&oacute;ry ukończył lat 15, lecz tylko w określonych przypadkach, m.in. w takich jak: rozb&oacute;j czy zab&oacute;jstwo umyślne.</span></p>'),
(210, 44, 'pl', 'text', '<p style="text-align: justify;"><span style="font-size: 16px;">Dziś odpowiemy sobie na pytanie, czym tak naprawdę jest przestępstwo i kto za nie odpowiada. W polskim prawie odpowiedzialności karnej podlega osoba, kt&oacute;ra ukończyła lat 17, jednak ustawa dopuszcza pewne wyjątki, gdzie odpowiedzialność może ponieść małoletni, kt&oacute;ry ukończył lat 15, lecz tylko w określonych przypadkach, m.in. w takich jak: rozb&oacute;j czy zab&oacute;jstwo umyślne.</span></p>\r\n<p style="text-align: justify;"><br /><span style="font-size: 16px;">W Kodeksie karnym nie znajdziemy definicji przestępstwa, ale każdy zapewne wie, że występuje ono wtedy, gdy jakaś osoba złamie prawo, dopuści się kradzieży i wiele innych. Jednak aby dana osoba odpowiedziała przed sądem za określone przestępstwo muszą być spełnione pewne przesłanki, na treść kt&oacute;rych składają się takie elementy jak: czyn człowieka, bezprawność czynu, czyli musi być naruszony jakiś zakaz ujęty w Kodeksie karnym , zabroniony pod groźbą kary w ustawie , społecznie szkodliwy w stopniu większym niż znikomy , a także zawiniony. Aby przybliżyć problematykę odpowiedzialności karnej muszą być spełnione ustawowe znamiona czynu zabronionego, na kt&oacute;re składają się:</span></p>\r\n<p style="text-align: justify;"><span style="font-size: 16px;">- podmiot ochrony &ndash; oznacza dobro zostało naruszone przez sprawcę.</span></p>\r\n<p style="text-align: justify;"><span style="font-size: 16px;">- strona podmiotowa - dzięki niej można ustalić, czy działanie sprawcy było umyślne, w przypadku gdy sprawca zdawał sobie sprawę z popełnianego czynu czy też nieumyślne, gdzie sprawca nie chciał popełnić przestępstwa.</span></p>\r\n<p style="text-align: justify;"><span style="font-size: 16px;">Czyn można popełnić umyślnie (art. 9 &sect; 1 k.k.), gdy sprawca miał tzw. zamiar bezpośredni (<em>dolus directus</em>), to znaczy, że miał świadomość tego, co robi i przewidywał skutki popełnianego czynu, popełnił go, bądź gdy miał tzw. zamiar ewentualny <em>(dolus eventualis</em>), w kt&oacute;rym sprawca przewidywał możliwość wystąpienia przestępstwa i godził się na to, aby ono wystąpiło. Natomiast czyn jest popełniony nieumyślnie (art. 9 &sect; 2 k.k.) w przypadku lekkomyślności sprawcy, gdy przewiduje możliwość popełnienia przestępstwa, jednak bezpodstawnie przypuszcza, że tego uniknie, bądź w wypadku niedbalstwa, kiedy sprawca nie jest świadomy że popełnia czyn zabroniony , lecz m&oacute;gł i powinien to przewidzieć.</span></p>\r\n<p style="text-align: justify;"><span style="font-size: 16px;">- strona podmiotowa mieszana &ndash; występuje, gdy zachowanie sprawcy objęte jest umyślnością, a skutek objęty jest nieumyślnością.</span></p>\r\n<p style="text-align: justify;"><span style="font-size: 16px;">Polski kodeks karny dzieli przestępstwa na:</span></p>\r\n<p style="text-align: justify;"><span style="font-size: 16px;">- zbrodnie i występki (określane ze względu na wysokość kary),</span></p>\r\n<p style="text-align: justify;"><span style="font-size: 16px;">- umyślne oraz nieumyślne,</span></p>\r\n<p style="text-align: justify;"><span style="font-size: 16px;">- kt&oacute;re polegają na działaniu oraz na zaniechaniu,</span></p>\r\n<p style="text-align: justify;"><span style="font-size: 16px;">- skutkowe i bezskutkowe,</span></p>\r\n<p style="text-align: justify;"><span style="font-size: 16px;">- ścigane z urzędu (kiedy to organ podejmuje decyzję ścigania sprawcy niezależnie od woli osoby pokrzywdzonej) i ścigane na wniosek (gdy pokrzywdzony decyduje o podjęciu działań przez osoby do tego uprawnione).</span></p>\r\n<p style="text-align: justify;"><span style="font-size: 16px;">Nawiązując do strony podmiotowej, o kt&oacute;rej wcześniej wspomniano, popełniając czyn umyślnie, możemy wyr&oacute;żnić szczeg&oacute;lne postacie zamiaru takie jak:</span></p>\r\n<p style="text-align: justify;"><span style="font-size: 16px;">- zamiar o szczeg&oacute;lnym zabarwieniu (<em>dolus coloradus</em>) &ndash; kt&oacute;ry jest przez ustawodawcę bliżej określony przez wskazanie celu , motywacji lub pobudki np. art. 278 &sect; 1 k.k;</span></p>\r\n<p style="text-align: justify;"><span style="font-size: 16px;">- zamiar przemyślany &ndash; w kt&oacute;rym sprawca działa z pełną premedytacją, dokładnie obmyślił plan przestępstwa, przygotował narzędzia do jego popełnienia i zdaje sobie sprawę z jego skutk&oacute;w;</span></p>\r\n<p style="text-align: justify;"><span style="font-size: 16px;">- zamiar nagły - w kt&oacute;rym sprawca działa bez zastanowienia, jest to działanie spontaniczne, bez rozważenia sytuacji oraz możliwych skutk&oacute;w czynu;</span></p>\r\n<p style="text-align: justify;"><span style="font-size: 16px;">- zamiar następczy - kt&oacute;ry pojawia się w następstwie czynu popełnionego przez sprawcę;</span></p>\r\n<p style="text-align: justify;"><span style="font-size: 16px;">- zamiar <em>quasi</em> &ndash;ewentualny - w kt&oacute;rym sprawca nie ma pewności, czy jedno ze znamion zachodzi czy też nie.</span></p>\r\n<p style="text-align: justify;"><span style="font-size: 16px;">Kwalifikacja, czy znamiona czynu zabronionego zostały wypełnione, następuje w postępowaniu karnym, kt&oacute;re dzieli się na:</span></p>\r\n<p style="text-align: justify;"><span style="font-size: 16px;">- postępowanie przygotowawcze &ndash; w kt&oacute;rym przeprowadza się albo dochodzenie, albo śledztwo;</span></p>\r\n<p style="text-align: justify;"><span style="font-size: 16px;">- postępowanie jurysdykcyjne &ndash; kt&oacute;re toczy się przed sądem, w wyniku kt&oacute;rego wydawany jest wyrok.</span></p>\r\n<p style="text-align: justify;"><span style="font-size: 16px;">Jeśli strona nie zgadza się z wyrokiem, istnieją środki odwoławcze od wyroku. Składając apelację do sądu wyższej instancji, wszczynane jest postępowanie apelacyjne.</span></p>'),
(211, 44, 'pl', 'meta_title', 'Przestępstwo – jako czyn zabroniony.'),
(212, 45, 'pl', 'title', 'Procedura zwolnień grupowych'),
(213, 45, 'pl', 'excerpt', '<p style="text-align: justify;"><span style="font-size: 16px;">Spadek zam&oacute;wień, zmniejszenie produkcji, &nbsp;zmiany organizacyjne czy technologiczne &ndash; to tylko niekt&oacute;re z&nbsp;przyczyn jakie mogą&nbsp; rodzić konieczność redukcji etat&oacute;w przez pracodawcę chcącego zachować przedsiębiorstwo. Jeśli jest to nieuniknione, pracodawca może zdecydować się na przeprowadzenie tzw. zwolnień grupowych. Powinien wiedzieć, w&nbsp;jaki spos&oacute;b przeprowadzić skomplikowaną procedurę rozwiązania z pracownikami stosunk&oacute;w pracy, aby nie popełnić błędu skutkującego możliwością odwołania się pracownika do Sądu Pracy.</span></p>');
INSERT INTO `publication_translate` (`id`, `foreign_id`, `lang`, `key`, `value`) VALUES
(214, 45, 'pl', 'text', '<p style="text-align: justify;"><span style="font-size: 16px;">Spadek zam&oacute;wień, zmniejszenie produkcji, &nbsp;zmiany organizacyjne czy technologiczne &ndash; to tylko niekt&oacute;re z&nbsp;przyczyn jakie mogą&nbsp; rodzić konieczność redukcji etat&oacute;w przez pracodawcę chcącego zachować przedsiębiorstwo. Jeśli jest to nieuniknione, pracodawca może zdecydować się na przeprowadzenie tzw. zwolnień grupowych. Powinien wiedzieć, w&nbsp;jaki spos&oacute;b przeprowadzić skomplikowaną procedurę rozwiązania z pracownikami stosunk&oacute;w pracy, aby nie popełnić błędu skutkującego możliwością odwołania się pracownika do Sądu Pracy.<br /></span></p>\r\n<p style="text-align: justify;"><br /><span style="font-size: 16px;">Tzw. zwolnienia grupowe reguluje ustawa z&nbsp;dnia 13 marca 2003 r. o&nbsp;szczeg&oacute;lnych zasadach rozwiązywania z&nbsp;pracownikami stosunk&oacute;w pracy z&nbsp;przyczyn niedotyczących pracownik&oacute;w. Ustawa ta ma zastosowanie tylko do przedsiębiorc&oacute;w zatrudniających co najmniej 20 pracownik&oacute;w, mniejsze przedsiębiorstwa są wyłączone z&nbsp;zakresu stosowania ustawy - obowiązują je natomiast w tej kwestii regulacje Kodeksu pracy. Do tej liczby nie wlicza się pracownik&oacute;w zatrudnionych na podstawie mianowania czy um&oacute;w cywilnoprawnych (np. umowa zlecenie, umowa o&nbsp;dzieło).</span></p>\r\n<p style="text-align: justify;"><span style="font-size: 16px;">Procedurę zwolnień grupowych można przeprowadzić tylko, jeśli przyczyna zwolnień leży po stronie pracodawcy, bez względu na to, czy jest przez niego zawiniona, czy też nie np. upadłość, likwidacja, przyczyny ekonomiczne, zmiany w&nbsp;funkcjonowaniu zakładu. Niedopuszczalne jest stosowanie powoływanej ustawy w&nbsp;przypadku zwolnień podyktowanych okolicznościami leżącymi po stronie pracownik&oacute;w.</span></p>\r\n<p style="text-align: justify;"><span style="font-size: 16px;">Tym samym rozwiązanie stosunku pracy może nastąpić tylko poprzez wypowiedzenie pracodawcy bądź za porozumieniem stron z&nbsp;inicjatywy pracodawcy.</span></p>\r\n<p style="text-align: justify;"><span style="font-size: 16px;">Zwolnienie grupowe następuje wtedy, gdy pracodawca w&nbsp;okresie nieprzekraczającym 30 dni (termin ten liczony jest od dnia pierwszego zwolnienia) wypowiada umowę lub zawiera porozumienie o rozwiązaniu stosunku pracy z&nbsp;grupą co najmniej:</span></p>\r\n<ul style="text-align: justify;">\r\n<li><span style="font-size: 16px;">10 pracownik&oacute;w, gdy pracodawca zatrudnia mniej niż 100 pracownik&oacute;w,</span></li>\r\n<li><span style="font-size: 16px;">10% pracownik&oacute;w, gdy zatrudnia, co najmniej 100, ale mniej niż 300 pracownik&oacute;w,</span></li>\r\n<li><span style="font-size: 16px;">30 pracownik&oacute;w, gdy zatrudnia, co najmniej 300 pracownik&oacute;w.&nbsp;</span></li>\r\n</ul>\r\n<p style="text-align: justify;"><span style="font-size: 16px;">Procedura zwolnień grupowych składa się na:</span></p>\r\n<p style="text-align: justify;"><span style="font-size: 16px;">1) Konieczność przeprowadzenia przez pracodawcę konsultacji zamiaru zwolnień grupowych ze&nbsp;związkiem zawodowym działającym u tego pracodawcy. Jeżeli w&nbsp;zakładzie pracy nie działa żadna zakładowa organizacja związkowa, to konsultacja taka odbywa się z&nbsp;przedstawicielstwem pracownik&oacute;w, kt&oacute;re zostaje wyłonione w&nbsp;trybie zwyczajowo przyjętym u danego pracodawcy. Celem konsultacji jest rozważenie, czy istnieje możliwość uniknięcia zwolnień, ich zmniejszenia, ewentualnego przekwalifikowania pracownik&oacute;w, możliwości przeniesienia na inne stanowisko itp.</span></p>\r\n<p style="text-align: justify;"><span style="font-size: 16px;">2) Pracodawca obligatoryjnie musi zawiadomić na piśmie zakładową organizację związkową, bądź przedstawicielstwo pracownik&oacute;w, a&nbsp;następnie właściwy powiatowy urząd pracy o:</span></p>\r\n<ul style="text-align: justify;">\r\n<li><span style="font-size: 16px;">przyczynach zwolnienia grupowego,</span></li>\r\n<li><span style="font-size: 16px;">o tym, w&nbsp;jaki spos&oacute;b nastąpi wyb&oacute;r pracownik&oacute;w do zwolnienia,</span></li>\r\n<li><span style="font-size: 16px;">kolejności dokonywania zwolnień,</span></li>\r\n<li><span style="font-size: 16px;">okresie, w&nbsp;jakim zwolnienie grupowe nastąpi.</span></li>\r\n<li style="text-align: justify;"><span style="font-size: 16px;">liczbie zatrudnionych pracownik&oacute;w i&nbsp;grupach zawodowych, do kt&oacute;rych należą oraz o grupach objętych zamiarem grupowego zwolnienia,</span></li>\r\n</ul>\r\n<p style="text-align: justify;"><span style="font-size: 16px;">3) Następnie pracodawca w&nbsp;terminie 20 dni od zawiadomienia związk&oacute;w zawodowych powinien zawrzeć porozumienie ze wszystkimi zakładowymi organizacjami związkowymi działającymi na terenie zakładu - w&nbsp;przypadku zaistnienia przeszk&oacute;d zawiera porozumienie, co najmniej z organizacjami reprezentatywnymi.</span></p>\r\n<p style="text-align: justify;"><span style="font-size: 16px;">We wsp&oacute;lnym porozumieniu strony określają zasady postępowania w&nbsp;sprawach dotyczących pracownik&oacute;w objętych zamiarem grupowego zwolnienia. Jeśli w&nbsp;danym zakładzie związki zawodowe nie działają, to pracodawca musi samodzielnie ustalić regulamin zwolnień grupowych w&nbsp;terminie 20 dni od konsultacji z&nbsp; przedstawicielstwem pracownik&oacute;w.</span></p>\r\n<p style="text-align: justify;"><span style="font-size: 16px;">4) Konieczność ponownego zawiadomienia na piśmie właściwego powiatowego urzędu pracy o ustaleniach zawartych w&nbsp;porozumieniu lub regulaminie zwolnień grupowych.</span></p>\r\n<p style="text-align: justify;"><span style="font-size: 16px;">5) Dopiero w&nbsp;tym momencie można dokonać poszczeg&oacute;lnych wypowiedzeń, jednakże od dnia drugiego zawiadomienia PUP liczy się 30 - dniowy termin ochronny, w&nbsp;przeciągu kt&oacute;rego nie może zostać rozwiązany żaden stosunek pracy.</span></p>\r\n<p style="text-align: justify;"><span style="font-size: 16px;">Jak widać wymogi stawiane przez ustawę są dość uciążliwe, a cały proces przeprowadzania zwolnień grupowych jest długotrwały i wiąże się z&nbsp;wieloma obowiązkami formalnymi wobec pracodawcy. Ponadto, nie każdy pracownik może zostać zwolniony grupowo. Należy pamiętać o&nbsp;tym, że istnieją grupy pracownik&oacute;w objęte szczeg&oacute;lną ochroną trwałości stosunku pracy np. kobiety w ciąży, na zasiłku macierzyńskim, osoby w&nbsp;wieku przedemerytalnym.</span></p>\r\n<p style="text-align: justify;"><span style="font-size: 16px;">Zwolnienia grupowe wiążą się z&nbsp;koniecznością wypłaty pracownikom tzw. odprawy pieniężnej, a&nbsp;więc niejako zadośćuczynienia za utratę pracy, na czym r&oacute;wnież ucierpi budżet pracodawcy.</span></p>\r\n<p style="text-align: justify;"><span style="font-size: 16px;">O wiele łatwiej można przeprowadzić procedurę zwolnień indywidualnych, o&nbsp;kt&oacute;rej stanowi r&oacute;wnież ustawa z&nbsp;13 marca 2003 r. o&nbsp;szczeg&oacute;lnych zasadach rozwiązywania z&nbsp;pracownikami stosunk&oacute;w pracy z&nbsp;przyczyn niedotyczących pracownik&oacute;w. Do zwolnień indywidualnych z&nbsp;przyczyn leżących po&nbsp;stronie pracodawcy wymagana jest jedynie konsultacja ze związkami. Jednakże takie zwolnienia można przeprowadzić tylko wtedy, gdy liczba zwalnianych pracownik&oacute;w w&nbsp;okresie 30 dni nie będzie obligować do przeprowadzenia trybu zwolnień grupowych.</span></p>\r\n<div><hr align="left" size="1" width="33%" /></div>'),
(215, 45, 'pl', 'meta_title', 'Procedura zwolnień grupowych'),
(216, 46, 'pl', 'title', 'Jak prawnie odwołać darowiznę?'),
(217, 46, 'pl', 'excerpt', '<p style="text-align: justify;"><span style="font-size: 16px;">Często wtedy używamy stwierdzenia: &bdquo;Mam wobec Ciebie dług wdzięczności&rdquo;. W &nbsp;związku z&nbsp;tym w&nbsp;przypadku darowizny pojawia się moralny obowiązek wdzięczności obdarowanego wobec darczyńcy, kt&oacute;ry powinien polegać przynajmniej na zachowaniu się w&nbsp;odpowiedni spos&oacute;b.</span></p>\r\n<p style="text-align: justify;"><span style="font-size: 16px;">Zgodnie z&nbsp;przepisem art. 898 &sect; 1 Kodeksu cywilnego <strong>&bdquo;Darczyńca może odwołać darowiznę nawet już wykonaną, jeżeli obdarowany dopuścił się względem niego rażącej niewdzięczności&rdquo;.</strong></span></p>\r\n<p style="text-align: justify;"><span style="font-size: 16px;">Kodeks daje więc możliwość odwołania darowizny w&nbsp;uzasadnionych przypadkach. </span></p>'),
(218, 46, 'pl', 'text', '<p style="text-align: justify;"><span style="font-size: 16px;">Instytucję darowizny reguluje Kodeks cywilny w&nbsp;art. 888 &sect; 1<strong> &bdquo;Przez umowę darowizny darczyńca zobowiązuje się do bezpłatnego świadczenia na rzecz obdarowanego kosztem swojego majątku&rdquo;.</strong> Możemy zdecydować się na obdarowanie kogoś, gdy chcemy podzielić się naszą własnością, nie oczekując nic w&nbsp;zamian, ponieważ istotą umowy darowizny jest jej nieodpłatność. W&nbsp;ten spos&oacute;b możemy przekazać należące do nas rzeczy, sumę pieniędzy, nieruchomość czy też zwolnić obdarowanego z&nbsp;ciążącego wobec nas długu. Przepis wskazuje na to, że zobowiązanym jest tutaj darczyńca (on musi poczynić pewne kroki, by doszło do wspomnianej darowizny), a jednocześnie m&oacute;wi nam o tym, że mamy do czynienia z&nbsp;umową, a&nbsp;nie oświadczeniem woli jednej strony. Naturalnie nie można obdarować osoby, kt&oacute;ra się na to nie godzi &ndash; dlatego darowizna jest czynnością prawną dwustronną. Darczyńca składa oświadczenie zawierające zobowiązanie przeniesienia własności na obdarowanego, a&nbsp;obdarowany powinien oświadczyć, że darowiznę przyjmuje.<br /></span></p>\r\n<p style="text-align: justify;"><br /><span style="font-size: 16px;">Czy po stronie obdarowanego pojawiają się jeszcze jakieś obowiązki w&nbsp;związku z&nbsp;przyjęciem darowizny?</span></p>\r\n<p style="text-align: justify;"><span style="font-size: 16px;">Termin &bdquo;bezpłatne świadczenie&rdquo; w&nbsp;treści przepisu wskazuje na to, że darczyńca właściwie niczego nie może wymagać od osoby, kt&oacute;rą obdarował. Jednakże zasady wsp&oacute;łżycia społecznego nakazują okazywać wdzięczność i szacunek wobec osoby, kt&oacute;ra wyświadczyła nam przysługę. Często wtedy używamy stwierdzenia: &bdquo;Mam wobec Ciebie dług wdzięczności&rdquo;. W &nbsp;związku z&nbsp;tym w&nbsp;przypadku darowizny pojawia się moralny obowiązek wdzięczności obdarowanego wobec darczyńcy, kt&oacute;ry powinien polegać przynajmniej na zachowaniu się w&nbsp;odpowiedni spos&oacute;b.</span></p>\r\n<p style="text-align: justify;"><span style="font-size: 16px;">Zgodnie z&nbsp;przepisem art. 898 &sect; 1 Kodeksu cywilnego <strong>&bdquo;Darczyńca może odwołać darowiznę nawet już wykonaną, jeżeli obdarowany dopuścił się względem niego rażącej niewdzięczności&rdquo;.</strong></span></p>\r\n<p style="text-align: justify;"><span style="font-size: 16px;">Kodeks daje więc możliwość odwołania darowizny w&nbsp;uzasadnionych przypadkach. Należy pamiętać o&nbsp;tym, że nie każde niewłaściwe zachowanie wobec darczyńcy jest &bdquo;rażącą niewdzięcznością&rdquo;.</span></p>\r\n<p style="text-align: justify;"><span style="font-size: 16px;">&nbsp;Jak wskazuje Sąd Najwyższy w&nbsp;<a href="http://www.sn.pl/sites/orzecznictwo/orzeczenia2/iv%20csk%20113-11-1.pdf" target="_blank">wyroku z&nbsp;dnia 17.11.2011 r., IV CSK 113/11</a>:</span></p>\r\n<p style="text-align: justify;"><span style="font-size: 16px;"><strong>&nbsp;&bdquo;Rażącą niewdzięczność w&nbsp;rozumieniu art. 898 &sect; 1 k.c. musi, więc cechować znaczne nasilenie złej woli skierowanej na wyrządzenie darczyńcy krzywdy lub szkody majątkowej. Czynami świadczącymi o&nbsp;rażącej niewdzięczności obdarowanego są: odm&oacute;wienie pomocy w&nbsp;chorobie, odmowa pomocy osobom starszym, rozpowszechnianie uwłaczających informacji o&nbsp;darczyńcy, pobicia czy ciężkie znieważenia&rdquo;.</strong></span></p>\r\n<p style="text-align: justify;"><span style="font-size: 16px;">Nie możemy m&oacute;wić o&nbsp;rażącej niewdzięczności w&nbsp;przypadku czyn&oacute;w popełnionych nieumyślnie &ndash; bez zamiaru ich popełnienia, jak r&oacute;wnież w&nbsp;stosunku do drobnych czyn&oacute;w umyślnych, jeżeli nie wykraczają one poza zwykłe konflikty rodzinne w&nbsp;określonym środowisku.</span></p>\r\n<p style="text-align: justify;"><span style="font-size: 16px;">Oceny dokonuje sąd na podstawie wszystkich okoliczności faktycznych danego przypadku.</span></p>\r\n<p style="text-align: justify;"><span style="font-size: 16px;">Darczyńca może odwołać darowiznę, jeżeli doszło do rażącej niewdzięczności obdarowanego &ndash; nie może jednak tego uczynić, jeśli zdecydował się przebaczyć &bdquo;niewdzięcznikowi&rdquo;.</span></p>\r\n<p style="text-align: justify;"><span style="font-size: 16px;">Uprawnionymi do odwołania darowizny po śmierci darczyńcy mogą być jego spadkobiercy, ale tylko wtedy, gdy darczyńca w&nbsp;chwili śmierci był uprawniony do odwołania albo gdy obdarowany umyślnie pozbawił darczyńcę życia lub umyślnie wywołał rozstr&oacute;j zdrowia, kt&oacute;rego skutkiem była śmierć darczyńcy.</span></p>\r\n<p style="text-align: justify;"><span style="font-size: 16px;">Darowiznę można odwołać tylko w&nbsp;przeciągu roku od dnia, w&nbsp;kt&oacute;rym uprawniony do odwołania (darczyńca lub spadkobierca darczyńcy) dowiedział się o&nbsp;niewdzięczności obdarowanego. Aby odwołać darowiznę należy w&nbsp;pierwszej kolejności złożyć obdarowanemu oświadczenie o odwołaniu na piśmie ze wskazaniem przyczyny odwołania i wezwać obdarowanego do zwrotu przedmiotu darowizny. Odwołanie darowizny rodzi obowiązek po stronie obdarowanego zwrotu przedmiotu darowizny. Przepisy Kodeksu cywilnego wskazują, że zwrot przedmiotu odwołanej darowizny powinien nastąpić stosownie do przepis&oacute;w o&nbsp;bezpodstawnym wzbogaceniu. Zgodnie z&nbsp;art. 405 Kodeksu cywilnego: <strong>&bdquo;kto bez podstawy prawnej uzyskał korzyść majątkową kosztem innej osoby, obowiązany jest do wydania korzyści w&nbsp;naturze, a&nbsp;gdyby to nie było możliwe, do zwrotu jej wartości&rdquo;. </strong>Z&nbsp;powołanego przepisu wynika, że obdarowany ma obowiązek zwr&oacute;cić darowiznę, a&nbsp;jeżeli zdążył ją międzyczasie sprzedać lub zniszczyć będzie musiał zapłacić darczyńcy jej r&oacute;wnowartość.</span></p>\r\n<p style="text-align: justify;"><span style="font-size: 16px;">Obdarowany powinien złożyć oświadczenie woli o&nbsp;zwrocie darowizny i wydać rzecz z&nbsp;powrotem.</span></p>\r\n<p style="text-align: justify;"><span style="font-size: 16px;">Jeżeli przedmiotem darowizny była nieruchomość oświadczenie woli o&nbsp;zwrocie musi przybrać formę aktu notarialnego. W sytuacji gdy obdarowany sprzeciwia się i nie chce dokonać zwrotu można wystąpić na drogę sądową &ndash; wytoczyć pow&oacute;dztwo o&nbsp;zobowiązanie obdarowanego do zwrotu darowizny. Po wydaniu wyroku przez sąd przedmiot darowizny ponownie stanowi własność darczyńcy. Jeżeli mimo orzeczenia darowizna nie powr&oacute;ciła do darczyńcy konieczne będzie wytoczenie kolejnego pow&oacute;dztwa- tym razem o&nbsp;zwrot rzeczy, a&nbsp;w&nbsp;przypadku pieniędzy- pow&oacute;dztwa o&nbsp;zapłatę.</span></p>\r\n<p style="text-align: justify;"><span style="font-size: 16px;">Podsumowując, istnieje możliwość odwołania darowizny nawet już wykonanej. Może to nastąpić tylko, gdy mamy do tego uzasadnione podstawy (przesłanka rażącej niewdzięczności obdarowanego). Pomimo zaistnienia okoliczności uprawniających do zwrotu podarowanego przedmiotu nie zawsze łatwo możemy go odzyskać - proces może być długi i skomplikowany.</span></p>'),
(219, 46, 'pl', 'meta_title', 'Jak prawnie odwołać darowiznę?'),
(220, 47, 'pl', 'title', 'Jak stać się właścicielem posiadanej rzeczy ruchomej bądź nieruchomości, czyli czym jest zasiedzenie'),
(221, 47, 'pl', 'excerpt', '<p style="text-align: justify;"><span style="font-size: 16px;">Często można spotkać się z następującą sytuacją: osoba niebędąca prawnym właścicielem zamieszkiwanej przez siebie nieruchomości np. lokalu czy domu, jak r&oacute;wnież używanego przez siebie gruntu np. grunt&oacute;w rolnych, przez wiele lat posiada daną nieruchomość, dba o nią, używa jej, opłaca wszelkie należności, ponosi ciężary związane z jej używaniem (np. podatki). Następnie po wielu latach nagle pojawia się pierwotny właściciel i żąda wydania mu domu czy też gruntu, kt&oacute;rym wcześniej się nie interesował. Co wtedy należy zrobić? Jakie mamy możliwości prawne?</span></p>'),
(222, 47, 'pl', 'text', '<p style="text-align: justify;"><span style="font-size: 16px;">Często można spotkać się z następującą sytuacją: osoba niebędąca prawnym właścicielem zamieszkiwanej przez siebie nieruchomości np. lokalu czy domu, jak r&oacute;wnież używanego przez siebie gruntu np. grunt&oacute;w rolnych, przez wiele lat posiada daną nieruchomość, dba o nią, używa jej, opłaca wszelkie należności, ponosi ciężary związane z jej używaniem (np. podatki). Następnie po wielu latach nagle pojawia się pierwotny właściciel i żąda wydania mu domu czy też gruntu, kt&oacute;rym wcześniej się nie interesował. Co wtedy należy zrobić? Jakie mamy możliwości prawne?<br /></span></p>\r\n<p style="text-align: justify;"><br /><span style="font-size: 16px;"><strong>Czym jest zasiedzenie? </strong>&nbsp;</span></p>\r\n<p style="text-align: justify;"><span style="font-size: 16px;">Zasiedzenie jest instytucją prawa cywilnego uregulowaną w ustawie z dnia 23 kwietnia 1964r. Kodeks cywilny (Dz. U. Nr 16. poz. 93 z p&oacute;źniejszymi zmianami), w art. 172-176. Instytucja zasiedzenia polega na tym, iż po upływie ustawowo wskazanego czasu, posiadacz danej rzeczy, kt&oacute;ry nie jest jej prawnym właścicielem, staje się nim <em>ex lege </em>tzn. z mocy prawa. Zasiedzieć można nieruchomość gruntową, lokalową w całości, ale r&oacute;wnież można zasiedzieć ich poszczeg&oacute;lne wyodrębnione części np. budynek gospodarczy. W przypadku budynk&oacute;w można zasiedzieć sam budynek, a także grunt znajdujący się pod nim. Przedmiotem zasiedzenia może być także nieruchomość razem z użytkowaniem wieczystym, samo użytkowanie wieczyste oraz niekt&oacute;re służebności gruntowe czy ruchomości.</span></p>\r\n<p style="text-align: justify;"><span style="font-size: 16px;"><strong>Jakie przesłanki należy spełnić, aby &bdquo;zasiedzieć&rdquo; daną rzecz?</strong></span></p>\r\n<p style="text-align: justify;"><span style="font-size: 16px;">Żeby m&oacute;c skorzystać z instytucji zasiedzenia, trzeba spełnić następujące wymogi prawne. W przypadku nieruchomości dana osoba musi być posiadaczem samoistnym nieruchomości i posiadać tą nieruchomość nieprzerwanie przez lat 20 (jeżeli jest tzw. posiadaczem samoistnym w dobrej wierze) lub lat 30 (jeżeli występuje tzw. zła wiara posiadacza samoistnego). Posiadaczem samoistnym nieruchomości jest osoba, kt&oacute;ra włada rzeczą jak właściciel np. opłaca wszelkie zobowiązania związane z używaną nieruchomością, przebywa na jej terenie, uważany jest przez sąsiad&oacute;w za właściciela nieruchomości, itp. Jak zostało wspomniane wymogiem prawnym i istotą zasiedzenia jest upływ czasu. W wariancie pierwszym dana osoba musi posiadać nieruchomość jak właściciel przez okres lat 20, jeżeli jest w tzw. dobrej wierze. Co to oznacza? Mianowicie posiadaczem w dobrej wierze jest ten, kto używa danej rzeczy z usprawiedliwionym przeświadczeniem, iż jest jej właścicielem. Liczy się więc świadomość posiadacza. Np. rolnik otrzymał nieruchomość rolną od poprzedniego właściciela. Był przekonany, iż osoba ta była prawnym właścicielem gruntu, kt&oacute;ry otrzymał (zał&oacute;żmy, że posiadał jakiś dokument, kt&oacute;ry pokazał rolnikowi) i tym samym teraz rolnik jest przeświadczony o tym, iż jest właścicielem tego gruntu, bo otrzymał go od właściciela. W rzeczywistości jednak, osoba ta nie była prawnym właścicielem nieruchomości i po latach odnajduje się prawowity właściciel, żądający od rolnika wydania tego gruntu. W&oacute;wczas mamy do czynienia z posiadaczem w dobrej wierze, bowiem rolnik nie m&oacute;gł wiedzieć, iż osoba od kt&oacute;rej otrzymał grunt w rzeczywistości nie była jego prawnym właścicielem. Natomiast, jeżeli posiadacz wiedziałby, iż nieruchomość nie należała do tej osoby, jest tego świadomy, a mimo to grunt przejmuje i włada nim jak właściciel, w&oacute;wczas mamy do czynienia z posiadaczem samoistnym w złej wierze i termin zasiedzenia jest w&oacute;wczas dłuższy, wynosi 30 lat. W praktyce ocena dobrej i złej wiary posiadacza samoistnego nieruchomości jest dość trudna i dokonuje jej sąd. Do wykazania dobrej i złej wiary bardzo często niezbędna jest pomoc profesjonalnego pełnomocnika. Może on pom&oacute;c w wykazaniu, iż posiadacz samoistny nie miał w danej sytuacji świadomości, iż przejmuje grunt od osoby niebędącej jej właścicielem i jest tzw. posiadaczem w dobrej wierze lub reprezentując właściciela pomoże wykazać, że posiadacz samoistny był w złej wierze, obejmując nieruchomość w posiadanie. Przy obliczaniu upływu czasu istotnym jest r&oacute;wnież moment wejścia w posiadanie danej rzeczy tzn. chwila, od kt&oacute;rej dana osoba rzeczą włada czy posiada ją oraz okres lat 20 czy też 30, kt&oacute;ry musi upłynąć w spos&oacute;b nieprzerywalny. Wobec tego nie może dojść do sytuacji, w kt&oacute;rej np. posiadacz w dobrej wierze włada nieruchomością lat 18, a następnie nie interesuje się nią przez okres 2 lat. Okres ten musi upłynąć łącznie. W przypadku rzeczy ruchomych okres zasiedzenia jest kr&oacute;tszy, bowiem wynosi 3 lata, jeżeli posiadacz jest w dobrej wierze. Nie można jednak zasiedzieć rzeczy wpisanej do krajowego rejestru utraconych d&oacute;br kultury. W przypadku rzeczy ruchomych osoba będąca w złej wierze np. osoba kt&oacute;ra bezprawnie zabrała daną ruchomość, nigdy nie będzie mogła rzeczy tej zasiedzieć.</span></p>\r\n<p style="text-align: justify;"><span style="font-size: 16px;"><strong>Co zrobić jeśli w trakcie biegu okresu uprawniającego do zasiedzenia zmieni się osoba posiadacza samoistnego?</strong></span></p>\r\n<p style="text-align: justify;"><span style="font-size: 16px;">W takim wypadku, jeżeli podczas biegu terminu zasiedzenia nastąpiło przeniesienie posiadania np. posiadaczem samoistnym był ojciec i przekazuje daną rzecz w posiadanie synowi, istnieje możliwość doliczenia czasu posiadania poprzednika (ojca) do czasu posiadania rzeczy przez obecnego posiadacza (syna). Kr&oacute;tko m&oacute;wiąc, następuje zsumowanie okresu posiadania rzeczy przez wcześniejszego posiadacza, do okresu posiadania tej samej rzeczy przez posiadacza obecnego. Instytucję tą reguluje art. 176 KC. Zaznaczyć należy, iż w przypadku posiadania nieruchomości, jeżeli poprzedni posiadacz uzyskał posiadanie tej nieruchomości w złej wierze, czas jego posiadania może być doliczony do czasu obecnego posiadania, tylko wtedy, gdy łącznie okres ten wynosi 30 lat.</span></p>\r\n<p style="text-align: justify;"><span style="font-size: 16px;"><strong>Spełniam przesłanki do zasiedzenia danej rzeczy, co dalej? </strong>&nbsp;</span></p>\r\n<p style="text-align: justify;"><span style="font-size: 16px;">Jeżeli dana osoba spełnia przesłanki instytucji zasiedzenia z Kodeksu cywilnego może wystąpić do sądu z wnioskiem o stwierdzenie zasiedzenia własności ruchomości lub nieruchomości. Sprawa o zasiedzenie jest sprawą z zakresu prawa rzeczowego, rozpoznawaną w postępowaniu nieprocesowym. Sądem właściwym do rozpoznania tej sprawy jest sąd położenia rzeczy, np. w przypadku zasiedzenia własności nieruchomości będzie to sąd właściwy, w okręgu kt&oacute;rego położona jest nieruchomość, kt&oacute;rej własność chcemy zasiedzieć. Wniosek o stwierdzenie zasiedzenia własności danej rzeczy musi odpowiadać wymogom pisma procesowego oraz pozwu, jak r&oacute;wnież powinien zostać należycie opłacony. Opłata sądowa od takiego wniosku wynosi 2.000 zł. Jeżeli ten wydatek jest zbyt wysoki i wnioskodawca wykaże, że jego poniesienie odbyło by się z uszczerbkiem dla utrzymania koniecznego siebie i rodziny, to można wnosić o zwolnienie z koszt&oacute;w sądowych. Do wniosku o stwierdzenie zasiedzenia własności nieruchomości muszą zostać dołączone dokumenty np. odpis księgi wieczystej albo zaświadczenie o jej stanie prawnym, jak r&oacute;wnież wypis i wyrys z ewidencji grunt&oacute;w. W trakcie trwania postępowania, jeżeli nie jest znana osoba właściciela rzeczy, sąd umieszcza ogłoszenie, w kt&oacute;rym informuje o toczącym się postępowaniu o zasiedzenie i nakazuje zgłosić się ewentualnemu właścicielowi rzeczy do tegoż postępowania.</span></p>\r\n<p style="text-align: justify;"><span style="font-size: 16px;"><strong>Podsumowanie</strong></span></p>\r\n<p style="text-align: justify;"><span style="font-size: 16px;">W praktyce sprawy o stwierdzenie zasiedzenia własności danej rzeczy, szczeg&oacute;lnie nieruchomości, są sprawami trudnymi i skomplikowanymi, w kt&oacute;rych niezbędna jest profesjonalna pomoc prawna. Do spraw o zasiedzenie stosuje się odpowiednio przepisy o biegu przedawnienia roszczenia, co może namnożyć kolejne problemy z interpretacją regulacji prawnych. Warto przed rozpoczęciem postępowania sądowego skorzystać z usług prawnika, bowiem każdy przypadek jest inny, indywidualny, wymaga odrębnej analizy, zebrania licznych dokument&oacute;w oraz innych środk&oacute;w dowodowych np. świadk&oacute;w, pozwalających wykazać wszelkie niezbędne przesłanki do nabycia własności posiadanej rzeczy poprzez zasiedzenie.</span></p>'),
(223, 47, 'pl', 'meta_title', 'Jak stać się właścicielem posiadanej rzeczy ruchomej bądź nieruchomości, czyli czym jest zasiedzenie'),
(224, 48, 'pl', 'title', 'Przedsiębiorco zatrudniasz wielu pracowników? Co grozi za wykroczenia przeciwko prawom pracowników?'),
(225, 48, 'pl', 'excerpt', '<p style="text-align: justify;"><span style="font-size: 16px;">Przedsiębiorca, kt&oacute;ry zatrudnia pracownik&oacute;w na podstawie um&oacute;w o pracę jest zobowiązany do przestrzegania przepis&oacute;w Kodeksu pracy oraz innych ustaw regulujących prawa i obowiązki pracownik&oacute;w oraz pracodawc&oacute;w, tzw. pragmatyk&oacute;w pracowniczych. Istnieje także szereg przestępstw przeciwko prawom os&oacute;b wykonujących pracę zarobkową określonych w Kodeksie karnym. Co grozi przedsiębiorcy będącym jednocześnie pracodawcą za wykroczenia przeciwko prawom pracownika?</span></p>'),
(226, 48, 'pl', 'text', '<div class="WordSection1" style="text-align: justify;">\r\n<p><span style="font-size: 16px;">Przedsiębiorca, kt&oacute;ry zatrudnia pracownik&oacute;w na podstawie um&oacute;w o pracę jest zobowiązany do przestrzegania przepis&oacute;w Kodeksu pracy oraz innych ustaw regulujących prawa i obowiązki pracownik&oacute;w oraz pracodawc&oacute;w, tzw. pragmatyk&oacute;w pracowniczych. Istnieje także szereg przestępstw przeciwko prawom os&oacute;b wykonujących pracę zarobkową określonych w Kodeksie karnym. Co grozi przedsiębiorcy będącym jednocześnie pracodawcą za wykroczenia przeciwko prawom pracownika?&nbsp;&nbsp;&nbsp;&nbsp;&nbsp;&nbsp;&nbsp;&nbsp;&nbsp;&nbsp;<br /></span></p>\r\n<p style="text-align: justify;"><br /><span style="font-size: 16px;"><strong>Katalog wykroczeń w Kodeksie pracy. Wykroczenia o charakterze niematerialnym</strong></span></p>\r\n<p><span style="font-size: 16px;">Ustawa z dnia 26 czerwca 1974r. Kodeks pracy (Dz. U. 2014.1502 z p&oacute;źniejszymi zmianami) w art. 281 - 283 zawiera regulacje dotyczące odpowiedzialności za wykroczenia przeciwko prawom pracownika. Nie każdy przedsiębiorca zatrudniający pracownik&oacute;w w oparciu o umowy o pracę zdaje sobie sprawę z odpowiedzialności wynikającej z nieprzestrzegania przepis&oacute;w prawa pracy w stosunku do zatrudnianych przez siebie os&oacute;b. W Kodeksie pracy wykroczenia przeciwko prawom pracownika można podzielić na 3 grupy. Pierwszą grupę stanowią wykroczenia o charakterze niemajątkowym, a więc gł&oacute;wnie takie, kt&oacute;re nie mają nic wsp&oacute;lnego z środkami pieniężnymi. Za tego typu wykroczenia uznać należy następujące przypadki: pracodawca zawiera umowę cywilnoprawną w warunkach, w kt&oacute;rych zgodnie z art. 22 &sect; 1 Kodeksu pracy powinna być zawarta z pracownikiem umowa o pracę. Sytuacją taką jest np. zawarcie z pracownikiem umowy zlecenia podczas, gdy faktycznie pracownik wykonuje pracę na warunkach, kt&oacute;re odpowiadają cechą umowy o pracę, czyli jest to praca odpłatna, pod kierownictwem pracodawcy i podporządkowana pod pracodawcę, osobiście wykonywana przez pracownika, w czasie i miejscu wyznaczonym przez pracodawcę, świadczona codziennie w r&oacute;wnych odstępach czasu, wykonywana na ryzyko pracodawcy itp. Wykroczeniem jest także niepotwierdzenie na piśmie zawartej z pracownikiem umowy o pracę, wypowiedzenie lub rozwiązanie z pracownikiem stosunku pracy bez wypowiedzenia w spos&oacute;b naruszający przepisy prawa pracy (np. brak konsultacji zamiaru rozwiązania umowy o pracę bez wypowiedzenia z reprezentującą pracownika zakładową organizacją związkową), stosowanie wobec pracownik&oacute;w kar innych niż przewidzianych w przepisach prawa pracy o odpowiedzialności porządkowej pracownik&oacute;w (np. kar innych niż upomnienie, nagana czy kara pieniężna), naruszanie przepis&oacute;w o czasie pracy lub o uprawnieniach pracownik&oacute;w związanych z rodzicielstwem i zatrudnianiem młodocianych (np. zatrudnienie pracownika młodocianego w porze nocnej lub w godzinach nadliczbowych), nie prowadzenie dokumentacji w sprawach związanych ze stosunkiem pracy oraz akt osobowych pracownik&oacute;w. Wykroczeniem jest także pozostawianie przez pracodawcę dokument&oacute;w związanych z stosunkiem pracy oraz akt osobowych pracownik&oacute;w w warunkach grożących ich uszkodzeniem lub zniszczeniem. Za dopuszczenie się kt&oacute;regoś z wyżej wskazanych naruszeń pracodawcy grozi kara grzywny od 1.000 zł do 30.000 zł.</span></p>\r\n<p><span style="font-size: 16px;"><strong>Wykroczenia o charakterze materialnym</strong></span></p>\r\n<p><span style="font-size: 16px;">Drugim katalogiem wykroczeń określonych w Kodeksie pracy, są wykroczenia, kt&oacute;re wiążą się z kwestiami materialnymi oraz finansowymi pracownik&oacute;w. I tak, wykroczeniem o charakterze majątkowym będzie niewypłacanie w ustalonym terminie wynagrodzenia za pracę lub innego świadczenia przysługującemu pracownikowi albo uprawnionemu do tego świadczenia członkowi rodziny pracownika, jak r&oacute;wnież wykroczeniem jest sytuacja, gdy pracodawca bezpodstawnie obniża wysokość takich świadczeń albo dokonuje bezpodstawnych potrąceń np. dokonuje potrąceń z wynagrodzenia w wysokości minimalnego wynagrodzenia za pracę, kt&oacute;ra to kwota jest zgodnie z art. 87<sup>1 </sup>Kodeksu pracy kwotą wolną od potrąceń. Wykroczeniem o charakterze majątkowym będzie także nieudzielenie pracownikowi przysługującego mu urlopu wypoczynkowego lub bezpodstawne obniżenie wymiaru tego urlopu, jak r&oacute;wnież bezpodstawne niewydanie pracownikowi świadectwa pracy. Za dokonanie kt&oacute;regoś z wyżej wskazanych naruszeń pracodawcy grozi kara grzywny od 1.000 zł do 30.000 zł.</span></p>\r\n<p><span style="font-size: 16px;"><strong>Wykroczenia związane z Bezpieczeństwem i Higieną Pracy</strong></span></p>\r\n<p><span style="font-size: 16px;">Trzecim katalogiem wykroczeń są te, kt&oacute;re wiążą się z odpowiedzialnością pracodawcy za stan bezpieczeństwa i higieny pracy. W spos&oacute;b wyczerpujący zostały one określone w art. 283 Kodeksu pracy i są to między innymi sytuacje, w kt&oacute;rych wbrew obowiązkowi pracodawca wyposaża stanowisko pracy w maszyny i inne urządzenia techniczne, kt&oacute;re nie spełniają wymagań dotyczących oceny zgodności. Wykroczeniem jest także dostarczanie pracownikowi, wbrew obowiązkowi, środk&oacute;w ochrony indywidualnej, kt&oacute;re nie spełniają wymagań dotyczących oceny zgodności, jak r&oacute;wnież sytuacje, w kt&oacute;rych pracodawca wbrew obowiązkowi stosuje materiały i procesy technologiczne bez uprzedniego ustalenia stopnia ich szkodliwości dla zdrowia pracownik&oacute;w i bez podjęcia odpowiednich środk&oacute;w profilaktycznych. Bardzo częstym wykroczeniem po stronie pracodawcy jest nie zawiadomienie właściwego okręgowego inspektora pracy, prokuratora lub innego właściwego organu o śmiertelnym, ciężkim lub zbiorowym wypadku przy pracy oraz o każdym innym wypadku, kt&oacute;ry wywołał wymienione skutki, mającym związek z pracą, jeżeli może być uznany za wypadek przy pracy, bądź sytuacja, w kt&oacute;rej pracodawca nie zgłasza choroby zawodowej albo podejrzenia o taką chorobę, nie ujawnia wypadku przy pracy lub choroby zawodowej, albo przedstawia niezgodne z prawdą informacje, dowody lub dokumenty dotyczące takich wypadk&oacute;w i chor&oacute;b. Wykroczeniem jest także sytuacja, gdy pracodawca nie wykonuje w wyznaczonym terminie obowiązku polegającego na wykonaniu nakazu organu Państwowej Inspekcji Pracy czy utrudniania działalność organu Państwowej Inspekcji Pracy, w szczeg&oacute;lności uniemożliwia prowadzenie wizytacji zakładu pracy lub nie udziela informacji niezbędnych do wykonywania jej zadań itd. Za dokonanie kt&oacute;regoś z wyżej wskazanych naruszeń pracodawcy grozi kara grzywny od 1.000 zł do 30.000 zł.</span></p>\r\n<p><span style="font-size: 16px;"><strong>Przestępstwa określone w Kodeksie karnym</strong></span></p>\r\n<p><span style="font-size: 16px;">Opr&oacute;cz wykroczeń wskazanych w Kodeksie pracy istnieją także przestępstwa określone w Kodeksie karnym związane z czynami zabronionymi, popełnionymi przeciwko osobom wykonującym pracę zarobkową. Przestępstwami takimi są np. złośliwe lub uporczywe naruszanie praw pracownika (zagrożone karą grzywny, ograniczenia wolności albo pobawienia wolności do lat 2). Przestępstwem jest także złośliwe lub uporczywe naruszanie praw pracownika polegające na odmawianiu ponownego przyjęcia do pracy, gdy o obowiązku przywr&oacute;cenia orzekł właściwy organ (zagrożone grzywną, karą ograniczenia wolności albo pozbawienia wolności do roku), jak r&oacute;wnież przestępstwem jest sytuacja, w kt&oacute;rej osoba zobowiązana orzeczeniem sądu do wypłaty wynagrodzenia za pracę lub innego świadczenia ze stosunku pracy, obowiązku tego nie wykonuje (podlega w&oacute;wczas karze grzywny, karze ograniczenia wolności albo pozbawienia wolności do lat 3). Przestępstwem jest także niezgłoszenie osoby wykonującej pracę zarobkową do ubezpieczenia społecznego, narażenie życia albo zdrowia pracownika czy niezawiadomienie o wypadku przy pracy lub chorobie zawodowej osoby wykonującej pracę zarobkową.</span></p>\r\n<p><span style="font-size: 16px;"><strong>Organ uprawniony do kontrolowania i ewentualnego ukarania pracodawcy</strong></span></p>\r\n<p><span style="font-size: 16px;">W sprawach o wykroczenia przeciwko prawom pracownika określonym zar&oacute;wno w Kodeksie pracy, jak r&oacute;wnież w innych ustawach, związanych z wykonywaniem pracy zarobkowej, organem właściwym do zajęcia się daną sprawą jest Inspektor Pracy. Inspektor Pracy po przeprowadzeniu niezbędnych czynności w celu zweryfikowania czy rzeczywiście doszło ze strony pracodawcy do popełnienia danego wykroczenia, może zastosować kary, środki karne oraz środki oddziaływania wychowawczego określone w Kodeksie wykroczeń (np. pouczenie, ostrzeżenie). Inspektor Pracy może także ukarać pracodawcę mandatem lub skierować wniosek o ukaranie do sądu. W&oacute;wczas dana sprawa rozpoznawana jest na podstawie przepis&oacute;w Kodeksu postępowania w sprawach o wykroczenia. W przypadku przestępstwa określonego w Kodeksie karnym organem uprawnionym do prowadzenia sprawy w oparciu o przepisy Kodeksu postępowania karnego jest prokurator.</span></p>\r\n</div>\r\n<p style="text-align: justify;"><span style="font-size: 16px;"><strong>Podsumowanie</strong></span></p>\r\n<p style="text-align: justify;"><span style="font-size: 16px;">W przypadku przeprowadzenia kontroli przez Państwową Inspekcje Pracy i bezpodstawnym ukaraniu pracodawcy warto skonsultować się z profesjonalnym prawnikiem w celu podjęcia realnej i skutecznej obrony. W przypadku złożenia do sądu przez Inspektora Pracy wniosku o ukaranie i wydanie przez sąd wyroku nakazowego, możliwe jest sporządzenie sprzeciwu od tegoż wyroku i kwestionowanie jego prawdziwości i zasadności. W przypadku popełnienia przestępstwa przeciwko osobom wykonującym pracę zarobkową, skorzystanie z fachowej pomocy prawnej jest niezbędne, bowiem uznanie pracodawcy za winnego popełnienia zarzucanego mu czynu wiąże się z szeregiem dolegliwości występujących na gruncie prawa karnego, w tym przede wszystkim nałożeniem wysokich grzywn.</span></p>'),
(227, 48, 'pl', 'meta_title', 'Przedsiębiorco zatrudniasz wielu pracowników? Co grozi za wykroczenia przeciwko prawom pracowników?'),
(228, 49, 'pl', 'title', 'Na czym polega odpowiedzialność członka zarządu za zobowiązania spółki z ograniczoną odpowiedzialnością? (stan prawny do 31.12.2015 r.)'),
(229, 49, 'pl', 'excerpt', '<p style="text-align: justify;"><span style="font-size: 16px;">Istotą sp&oacute;łki z ograniczoną odpowiedzialnością jest brak odpowiedzialności jej udziałowc&oacute;w za zobowiązania sp&oacute;łki. Innymi słowy w chwili zawarcia umowy sp&oacute;łki udziałowcy godzą się na ryzyko ewentualnej straty swoich wkład&oacute;w. Zupełnie inna sytuacja jest natomiast z członkami zarządu sp&oacute;łki z o.o.</span></p>'),
(230, 49, 'pl', 'text', '<p style="text-align: justify;"><span style="font-size: 16px;">Istotą sp&oacute;łki z ograniczoną odpowiedzialnością jest brak odpowiedzialności jej udziałowc&oacute;w za zobowiązania sp&oacute;łki. Innymi słowy w chwili zawarcia umowy sp&oacute;łki udziałowcy godzą się na ryzyko ewentualnej straty swoich wkład&oacute;w. Zupełnie inna sytuacja jest natomiast z członkami zarządu sp&oacute;łki z o.o.</span></p>\r\n<p style="text-align: justify;"><span style="font-size: 16px;">Zgodnie z art. 299. KSH:</span></p>\r\n<p style="text-align: justify;"><span style="font-size: 16px;"><em>&sect; 1. Jeżeli egzekucja przeciwko sp&oacute;łce okaże się bezskuteczna, członkowie zarządu odpowiadają solidarnie za jej zobowiązania.</em></span></p>\r\n<p style="text-align: justify;"><span style="font-size: 16px;"><em>&sect; 2. Członek zarządu może się uwolnić od odpowiedzialności, o kt&oacute;rej mowa w &sect; 1, jeżeli wykaże, że we właściwym czasie zgłoszono wniosek o ogłoszenie upadłości lub wszczęto postępowanie układowe, albo że niezgłoszenie wniosku o ogłoszenie upadłości oraz niewszczęcie postępowania układowego nastąpiło nie z jego winy, albo że pomimo niezgłoszenia wniosku o ogłoszenie upadłości oraz niewszczęcia postępowania układowego wierzyciel nie poni&oacute;sł szkody.</em></span></p>\r\n<p style="text-align: justify;"><span style="font-size: 16px;"><em>&sect; 3. Przepisy &sect; 1 i &sect; 2 nie naruszają przepis&oacute;w ustanawiających dalej idącą odpowiedzialność członk&oacute;w zarządu.</em></span></p>\r\n<p style="text-align: justify;"><span style="font-size: 16px;">W pierwszej kolejności warto zwr&oacute;cić uwagę na fakt, że powyższy przepis nie określa solidarnej odpowiedzialności członk&oacute;w zarządu ze sp&oacute;łką, lecz pomiędzy sobą. Oznacza to, ze wierzyciel może dochodzić 100% swojej wierzytelności od wszystkich bądź dowolnego członka zarządu, według swojego wyboru. Zaspokojenie się przez wierzyciela sp&oacute;łki z majątku członka zarządu wymaga odrębnego postępowania sądowego, w kt&oacute;rym wierzyciel pozywałby wszystkich bądź poszczeg&oacute;lnych członk&oacute;w zarządu. Jest to jedna z r&oacute;żnic w samej zasadzie odpowiedzialności członk&oacute;w zarządu, np. przy wsp&oacute;lnikach sp&oacute;łek osobowych jak sp&oacute;łka jawna wyrokowi uzyskanemu przeciw sp&oacute;łce osobowej można nadać klauzulę wykonalności r&oacute;wnież przeciw wsp&oacute;lnikom odpowiadającym za zobowiązania sp&oacute;łki całym majątkiem (art. 778<sup>1</sup> k.p.c.) bez konieczności prowadzenia postępowania bezpośrednio przeciwko nim. Analogiczna procedura nie jest możliwa do zastosowania względem członk&oacute;w zarządu sp&oacute;łki z ograniczoną odpowiedzialnością.</span></p>\r\n<p style="text-align: justify;"><span style="font-size: 16px;">Warto mieć na uwadze, że <em>Wierzyciel dochodzący należności od członka zarządu sp&oacute;łki z o.o. na zasadzie art. 299 k.s.h. nie jest zobowiązany do wykazania formalnego umorzenia postępowania egzekucyjnego przez komornika z uwagi na jego bezskuteczność; wystarczający jest w takiej sytuacji dowolny dow&oacute;d, że sp&oacute;łka nie ma majątku, kt&oacute;ry pozwalałby na zaspokojenie wierzyciela</em>. (por. uzasadnienie <a href="http://orzeczenia.ms.gov.pl/content/I$0020ACa$002027$002f15/155500000000503_I_ACa_000027_2015_Uz_2015-04-30_001" target="_blank">wyroku Sądu Apelacyjnego w Białymstoku&nbsp; z dnia&nbsp; 7 maja 2015&nbsp; r .I ACa 27/15</a>).</span></p>\r\n<p style="text-align: justify;"><span style="font-size: 16px;">&nbsp;</span></p>\r\n<p style="text-align: justify;"><span style="font-size: 16px;">Członek zarządu odpowiada całym swoim majątkiem. Sąd Najwyższy zauważył w uzasadnieniu <a href="http://www.sn.pl/sites/orzecznictwo/Orzeczenia3/II%20CSK%20402-14-1.pdf" target="_blank">Wyroku Sądu Najwyższego z dnia&nbsp; 25 marca 2015&nbsp; r. II CSK 402/14</a>, że: <em>Wierzyciel, kt&oacute;ry nie wyegzekwował swojej należności od sp&oacute;łki, nie musi dowodzić wysokości doznanej wskutek tego szkody, wystarczy że przedłoży tytuł egzekucyjny stwierdzający zobowiązanie sp&oacute;łki istniejące w czasie pełnienia przez pozwanego funkcji członka zarządu i wykaże, że egzekucja wobec sp&oacute;łki okazuje się bezskuteczna. Jeżeli członek zarządu nie udowodni, że szkoda wierzyciela była niższa od niewyegzekwowanego od sp&oacute;łki zobowiązania, poniesie odpowiedzialność do wysokości tego zobowiązania, z art. 299 &sect; 1 k.s.h. wynika bowiem na rzecz wierzyciela domniemanie szkody w wysokości niewyegzekwowanego od sp&oacute;łki zobowiązania.</em></span></p>\r\n<p style="text-align: justify;"><span style="font-size: 16px;">Domniemanie to może zostać obalone, jednakże w każdym przypadku wymagać to będzie zaangażowania członka zarządu lub jego pełnomocnika.</span></p>\r\n<p style="text-align: justify;"><span style="font-size: 16px;">Członek zarządu może się uwolnić od odpowiedzialności za długi sp&oacute;łki jeśli we właściwym czasie podejmie określone czynności:</span></p>\r\n<p style="text-align: justify;"><span style="font-size: 16px;">- zgłoszono wniosek o ogłoszenie upadłości lub wszczęto postępowanie układowe,</span></p>\r\n<p style="text-align: justify;"><span style="font-size: 16px;">- albo wykaże, że niezgłoszenie wniosku o ogłoszenie upadłości oraz niewszczęcie postępowania układowego nastąpiło nie z jego winy,</span></p>\r\n<p style="text-align: justify;"><span style="font-size: 16px;">- albo wykaże, że pomimo niezgłoszenia wniosku o ogłoszenie upadłości oraz niewszczęcia postępowania układowego wierzyciel nie poni&oacute;sł szkody.</span></p>\r\n<p style="text-align: justify;"><span style="font-size: 16px;">Sąd Najwyższy miedzy innymi w <a href="http://www.sn.pl/sites/orzecznictwo/Orzeczenia3/II%20CSK%20790-13-1.pdf" target="_blank">wyroku&nbsp; z dnia&nbsp; 25 września 2014&nbsp; r., II CSK 790/13</a>:</span></p>\r\n<p style="text-align: justify;"><span style="font-size: 16px;"><em>"Czasem właściwym" w rozumieniu art. 299 &sect; 2 k.s.h. jest moment wystąpienia takiej sytuacji majątkowej sp&oacute;łki, w kt&oacute;rej jest już wiadomo, że dłużnik (sp&oacute;łka z o.o.) nie będzie w stanie zaspokoić w całości swoich wszystkich wierzytelności.</em></span></p>\r\n<p style="text-align: justify;"><span style="font-size: 16px;"><a href="http://orzeczenia.ms.gov.pl/content/$N/152500000000503_I_ACa_000395_2014_Uz_2014-09-18_001" target="_blank">Sąd Apelacyjny w Łodzi w wyroku w sprawie I ACa 395/14</a> w wyroku z dnia 18 września 2014 r. precyzuje, że: <em>Właściwy czas do zgłoszenia wniosku o ogłoszenie upadłości jest niewątpliwie przesłanką obiektywną, ustalaną w oparciu o okoliczności faktyczne każdej sprawy. Dla jego określenia nie ma znaczenia subiektywne przekonanie członk&oacute;w zarządu. Przepis art. 299 &sect; 2 k.s.h. przewiduje domniemanie winy członka zarządu w niezgłoszeniu wniosku o upadłość we właściwym czasie ze względu na to, że członkom zarządu powinien być znany na bieżąco stan finansowy sp&oacute;łki, a co za tym idzie możliwości zaspokojenia dług&oacute;w. Zakres pojęcia "czasu właściwego" powinien być odnoszony do stanu majątkowego sp&oacute;łki. Zgłoszenie upadłości lub wszczęcie postępowania układowego powinno nastąpić już wtedy, gdy stwierdzono, że sp&oacute;łka nie ma funduszy na płacenie swoich dług&oacute;w i że nie jest to sytuacja przejściowa. Wymaga jednak podkreślenia, że nie może to być moment, w kt&oacute;rym wniosek o upadłość musiałby być oddalony na tej podstawie, iż majątek dłużnika nie wystarcza w spos&oacute;b oczywisty nawet na zaspokojenie koszt&oacute;w postępowania upadłościowego.</em></span></p>\r\n<p style="text-align: justify;"><span style="font-size: 16px;">Warto też zauważyć, że wykazanie że niezgłoszenie wniosku o upadłość przez członka zarządu jest trudne do udowodnienia. Jedynie wprawne przygotowanie wywodu prawnego wskazującego przykładowo, że dany członek zarządu nie miał możliwości zapoznania się z sytuacją finansową sp&oacute;łki i w konsekwencji nie nabrał przekonania, że wniosek o ogłoszenie upadłości powinien złożyć, mogłoby wskazywać na brak winy w braku złożenia tego wniosku. Wymagałoby to jednakże albo oczywistego stanu faktycznego, albo wprawnego pełnomocnika.</span></p>\r\n<p style="text-align: justify;"><span style="font-size: 16px;">Ostatecznie członek zarządu m&oacute;głby pr&oacute;bować wskazywać, że pomimo niezgłoszenia wniosku o ogłoszenie upadłości oraz niewszczęcia postępowania układowego wierzyciel nie poni&oacute;sł szkody, przykładowo ze względu na fakt, że nie było wystarczającego majątku sp&oacute;łki, kt&oacute;ry wystarczyłby na pokrycie samych koszt&oacute;w postępowania upadłościowego. Niemniej jednak sytuacja taka jest niezwykle trudna do wykazania.</span></p>\r\n<p style="text-align: justify;"><span style="font-size: 16px;">Podsumowując, odpowiedzialność członka zarządu za długi sp&oacute;łki jest przede wszystkim realna &ndash; wierzyciele nierzadko pozywają właśnie członk&oacute;w zarządu sp&oacute;łek. Konieczne zatem jest monitorowanie kondycji sp&oacute;łki na bieżąco przez członk&oacute;w zarządu i podejmowanie decyzji we właściwym czasie.</span></p>'),
(231, 49, 'pl', 'meta_title', 'Na czym polega odpowiedzialność członka zarządu za zobowiązania spółki z ograniczoną odpowiedzialnością? (stan prawny do 31.12.2015 r.)'),
(232, 50, 'pl', 'title', 'Kiedy członek zarządu będzie odpowiadał za długi spółki po 1 stycznia 2016 r.?'),
(233, 50, 'pl', 'excerpt', '<p style="text-align: justify;"><span style="font-size: 16px;">Rok 2016 będzie bardzo obfity w zmiany w prawie. Ustawodawca wprowadzi między innymi zupełnie nowe instytucje do polskiego porządku prawnego &ndash; postępowanie restrukturyzacyjne, uregulowane w <a href="http://www.dziennikustaw.gov.pl/DU/2015/978/1" target="_blank">ustawie &bdquo;Prawo restrukturyzacyjne&rdquo; z dnia 15 maja 2015 r. (Dz. U. z 2015 r. poz. 978)</a>. Prawo restrukturyzacyjne mocno ingeruje w prawo upadłościowe i naprawcze, ale r&oacute;wnież wpływa na zasady odpowiedzialności członk&oacute;w zarządu sp&oacute;łek z ograniczoną odpowiedzialnością za zobowiązania sp&oacute;łki.</span></p>');
INSERT INTO `publication_translate` (`id`, `foreign_id`, `lang`, `key`, `value`) VALUES
(234, 50, 'pl', 'text', '<p style="text-align: justify;"><span style="font-size: 16px;">Rok 2016 będzie bardzo obfity w zmiany w prawie. Ustawodawca wprowadzi między innymi zupełnie nowe instytucje do polskiego porządku prawnego &ndash; postępowanie restrukturyzacyjne, uregulowane w <a href="http://www.dziennikustaw.gov.pl/DU/2015/978/1" target="_blank">ustawie &bdquo;Prawo restrukturyzacyjne&rdquo; z dnia 15 maja 2015 r. (Dz. U. z 2015 r. poz. 978)</a>. Prawo restrukturyzacyjne mocno ingeruje w prawo upadłościowe i naprawcze, ale r&oacute;wnież wpływa na zasady odpowiedzialności członk&oacute;w zarządu sp&oacute;łek z ograniczoną odpowiedzialnością za zobowiązania sp&oacute;łki.<br /></span></p>\r\n<p style="text-align: justify;"><br /><span style="font-size: 16px;">Kwestię tę reguluje art. 299 Kodeksu Sp&oacute;łek Handlowych, kt&oacute;ry po nowelizacji będzie brzmiał następująco:</span></p>\r\n<p style="text-align: justify;"><span style="font-size: 16px;"><strong><em>&sect;&nbsp;1. </em></strong><em>Jeżeli egzekucja przeciwko sp&oacute;łce okaże się bezskuteczna, członkowie zarządu odpowiadają solidarnie za jej zobowiązania.</em></span></p>\r\n<p style="text-align: justify;"><span style="font-size: 16px;"><strong><em>&sect;&nbsp;2.</em></strong><em>&nbsp;Członek zarządu może się uwolnić od odpowiedzialności, o kt&oacute;rej mowa w &sect; 1, jeżeli wykaże, że we właściwym czasie zgłoszono wniosek o ogłoszenie upadłości lub w tym samym czasie wydano postanowienie o otwarciu postępowania restrukturyzacyjnego albo o zatwierdzeniu układu w postępowaniu w przedmiocie zatwierdzenia układu, albo że niezgłoszenie wniosku o ogłoszenie upadłości nastąpiło nie z jego winy, albo że pomimo niezgłoszenia wniosku o ogłoszenie upadłości oraz niewydania postanowienia o otwarciu postępowania restrukturyzacyjnego albo niezatwierdzenia układu w postępowaniu w przedmiocie zatwierdzenia układu wierzyciel nie poni&oacute;sł szkody.</em></span></p>\r\n<p style="text-align: justify;"><span style="font-size: 16px;"><strong><em>&sect;&nbsp;3. </em></strong><em>Przepisy &sect; 1 i &sect; 2 nie naruszają przepis&oacute;w ustanawiających dalej idącą odpowiedzialność członk&oacute;w zarządu.</em></span></p>\r\n<p style="text-align: justify;"><span style="font-size: 16px;"><strong><em>&sect;&nbsp;4. </em></strong><em>Osoby, o kt&oacute;rych mowa w &sect; 1, nie ponoszą odpowiedzialności za niezłożenie wniosku o ogłoszenie upadłości w czasie, gdy prowadzona jest egzekucja przez zarząd przymusowy albo przez sprzedaż przedsiębiorstwa, na podstawie przepis&oacute;w Kodeksu postępowania cywilnego, jeżeli obowiązek złożenia wniosku o ogłoszenie upadłości powstał w czasie prowadzenia egzekucji.</em></span></p>\r\n<p style="text-align: justify;"><span style="font-size: 16px;">Kwestię zasad odpowiedzialności członk&oacute;w zarządu w stanie prawnym obowiązującym do dnia 31.12.2015 r. om&oacute;wiono w artykule <a href="/biznes/na-czym-polega-odpowiedzialnosc-cz-onka-zarzadu-za-zobowiazania-spo-ki-z-ograniczona-odpowiedzialnoscia-stan-prawny-do-31122015-r.html" target="_blank">&bdquo;<strong>Na czym polega odpowiedzialność członka zarządu za zobowiązania sp&oacute;łki z ograniczoną odpowiedzialnością? (stan prawny do 31.12.2015 r.)&rdquo;</strong></a>. Jedynie dla zachowania przejrzystości i ciągłości należy zaznaczyć, iż nie zmieniona pozostała zasada, że członek zarządu może odpowiadać całym swoim majątkiem za zobowiązania sp&oacute;łki, w przypadku gdy egzekucja z majątku sp&oacute;łki okaże się bezskuteczna.</span></p>\r\n<p style="text-align: justify;"><span style="font-size: 16px;">Na gruncie nowego stanu prawnego zmodyfikowany został natomiast katalog przesłanek, kt&oacute;rych wykazanie zwalnia członka zarządu od odpowiedzialności za zobowiązania sp&oacute;łki z o.o. Usunięto z art. 299 &sect; 2 k.s.h. przesłankę dotyczącą postępowania naprawczego, kt&oacute;ra i tak nie miała w praktyce zastosowania. Zamiast tego wprowadzono przesłankę wydania we właściwym czasie postanowienia o otwarciu postępowania restrukturyzacyjnego lub zatwierdzenia układu w postępowaniu w przedmiocie zatwierdzenia układu jako uwalniającą członka zarządu od tej odpowiedzialności.</span></p>\r\n<p style="text-align: justify;"><span style="font-size: 16px;">Jeśli członek zarządu we właściwym terminie nie złożył wniosku o ogłoszenie upadłości lub nie zostało w tym czasie wydane postanowienie postanowienia o otwarciu postępowania restrukturyzacyjnego lub zatwierdzenia układu w postępowaniu w przedmiocie zatwierdzenia układu członek zarządu może wykazać, że nie złożenie stosownego wniosku nastąpiło bez jego winy albo że pomimo niezgłoszenia wniosku o ogłoszenie upadłości oraz niewydania postanowienia o otwarciu postępowania restrukturyzacyjnego albo niezatwierdzenia układu w postępowaniu w przedmiocie zatwierdzenia układu wierzyciel nie poni&oacute;sł szkody.</span></p>\r\n<p style="text-align: justify;"><span style="font-size: 16px;">Z powyższego jednoznacznie wynika, że to nadal na członku zarządu będzie ciążyć konieczność udowadniania przesłanek uwalniających od odpowiedzialności za długi sp&oacute;łki.</span></p>\r\n<p style="text-align: justify;"><span style="font-size: 16px;">Na uwadze należy mieć, wydawałoby się drobną r&oacute;żnicę, pomiędzy określeniem w ustawie czasu na zgłoszenie wniosku o ogłoszenie upadłości, a czasem wydania postanowienia o otwarciu postępowania restrukturyzacyjnego, albo o zatwierdzeniu układu w postępowaniu w przedmiocie zatwierdzenia układu. Na datę złożenia wniosku o ogłoszenie upadłości wpływ ma wyłącznie członek zarządu. Natomiast data wydania postanowienia o otwarciu postępowania restrukturyzacyjnego albo o zatwierdzeniu układu w postępowaniu w przedmiocie zatwierdzenia układu pozostaje poza władztwem członka zarządu &ndash; tu o dacie zadecyduje sąd.</span></p>\r\n<p style="text-align: justify;"><span style="font-size: 16px;">Pewnych wskaz&oacute;wek, co do daty wydania ww. postanowień można doszukiwać się w treści ustawy Prawo restrukturyzacyjne.</span></p>\r\n<p style="text-align: justify;"><span style="font-size: 16px;">Zgodnie z art. 2 tej ustawy:</span></p>\r\n<p style="text-align: justify;"><span style="font-size: 16px;"><em>Restrukturyzację przeprowadza się w następujących postępowaniach restrukturyzacyjnych:</em></span></p>\r\n<p style="text-align: justify;"><span style="font-size: 16px;"><em>1) postępowaniu o zatwierdzenie układu;</em></span></p>\r\n<p style="text-align: justify;"><span style="font-size: 16px;"><em>2) przyspieszonym postępowaniu układowym;</em></span></p>\r\n<p style="text-align: justify;"><span style="font-size: 16px;"><em>3) postępowaniu układowym;</em></span></p>\r\n<p style="text-align: justify;"><span style="font-size: 16px;"><em>4) postępowaniu sanacyjnym</em>.</span></p>\r\n<p style="text-align: justify;"><span style="font-size: 16px;">Odpowiednio dla powyższych postępowań sąd powinien zachować terminy:</span></p>\r\n<p style="text-align: justify;"><span style="font-size: 16px;">1). Sąd wydaje postanowienie w przedmiocie zatwierdzenia układu w terminie dw&oacute;ch tygodni od dnia złożenia wniosku o zatwierdzenie układu (Art.&nbsp;223).</span></p>\r\n<p style="text-align: justify;"><span style="font-size: 16px;">2) Wniosek rozpoznaje się w terminie tygodnia od dnia jego złożenia. (Art.&nbsp;232 ust. 2).</span></p>\r\n<p style="text-align: justify;"><span style="font-size: 16px;">3) Ustawa milczy o terminie dla sądu na zatwierdzenie układu, a jedynie wskazuje, że wniosek o otwarcie postępowania układowego rozpoznaje się w terminie dw&oacute;ch tygodni od dnia złożenia wniosku, chyba że istnieje konieczność wyznaczenia rozprawy. W takim przypadku wniosek rozpoznaje się w terminie sześciu tygodni. (Art.&nbsp;270 ust. 2)</span></p>\r\n<p style="text-align: justify;"><span style="font-size: 16px;">4) Do rozpoznania wniosku o otwarcie postępowania sanacyjnego przepis art. 270 stosuje się odpowiednio (Art.&nbsp;288), czyli jak w pkt. 3).</span></p>\r\n<p style="text-align: justify;"><span style="font-size: 16px;">Uwagę zwracają jednakże kolejne wątpliwości &ndash; czy w przypadku postępowania układowego istotna jest data rozpoznania wniosku czy też data zatwierdzenia układu? Wspomniane wyżej terminy nie są dla sądu wiążące &ndash; są to terminy instrukcyjne i właściwie trudno m&oacute;wić o konsekwencjach dla sądu za niedotrzymanie tych termin&oacute;w &ndash; tym samym czy konsekwencji nie będą ponosić członkowie zarządu?</span></p>\r\n<p style="text-align: justify;"><span style="font-size: 16px;">Ponadto, z dosłownego brzmienia zmienionego przepisu wynika, że jeśli nie dojdzie do wydania postanowienia o otwarciu postępowania restrukturyzacyjnego albo o zatwierdzeniu układu w postępowaniu w przedmiocie zatwierdzenia układu bez winy członka zarządu, np. w przypadku gdy wniosek o takie postępowanie został przez członka zarządu złożony, ale zbyt długo był procedowany i upłynął &bdquo;właściwy czas&rdquo; na wydanie postanowienia, to w takiej sytuacji członek zarządu odpowiadałby swoim majątkiem za długi sp&oacute;łki.</span></p>\r\n<p style="text-align: justify;"><span style="font-size: 16px;">Podsumowując, wprowadzanie nowych instytucji do porządku prawnego powinno być przeprowadzane w spos&oacute;b bardzo uważny. Nawet z pozoru niewielka zmiana pociąga za sobą wiele wątpliwości i wydaje się, że bieżąca pomoc profesjonalnego pełnomocnika jest coraz bardziej konieczna.</span></p>'),
(235, 50, 'pl', 'meta_title', 'Kiedy członek zarządu będzie odpowiadał za długi spółki po 1 stycznia 2016 r.?'),
(236, 51, 'pl', 'title', 'Kiedy można ogłosić upadłość w kontekście zmian po 1 stycznia 2016 r.?'),
(237, 51, 'pl', 'excerpt', '<p style="text-align: justify;"><span style="font-size: 16px;">Po 1 stycznia 2016 r. nie ulega zmianie og&oacute;lna zasada, zgodnie z kt&oacute;rą: <em>Upadłość ogłasza się w stosunku do dłużnika, kt&oacute;ry stał się niewypłacalny</em> (art. 10 prawa upadłościowego i naprawczego). Jednakże zmieniła się ustawowa definicja określenia, kiedy właściwie dłużnik stał się niewypłacalny.</span></p>'),
(238, 51, 'pl', 'text', '<p style="text-align: justify;"><span style="font-size: 16px;">Po 1 stycznia 2016 r. nie ulega zmianie og&oacute;lna zasada, zgodnie z kt&oacute;rą: <em>Upadłość ogłasza się w stosunku do dłużnika, kt&oacute;ry stał się niewypłacalny</em> (art. 10 prawa upadłościowego i naprawczego). Jednakże zmieniła się ustawowa definicja określenia, kiedy właściwie dłużnik stał się niewypłacalny.</span></p>\r\n<p style="text-align: justify;"><span style="font-size: 16px;">Zgodnie bowiem ze zmienionym brzmieniem art. 11 ustawy prawo upadłościowe (kursywą - nowy tekst, przekreślenia &ndash; stary tekst):</span></p>\r\n<p style="text-align: justify;"><span style="font-size: 16px;">Art.&nbsp;11.</span></p>\r\n<p style="text-align: justify;"><span style="font-size: 16px;">1. <span style="text-decoration: line-through;">Dłużnika uważa się za niewypłacalnego, jeżeli nie wykonuje swoich wymagalnych zobowiązań pieniężnych. </span><em>Dłużnik jest niewypłacalny, jeżeli utracił zdolność do wykonywania swoich wymagalnych zobowiązań pieniężnych.</em></span></p>\r\n<p style="text-align: justify;"><span style="font-size: 16px;">&nbsp;</span></p>\r\n<p style="text-align: justify;"><span style="font-size: 16px;">1a. <em>Domniemywa się, że dłużnik utracił zdolność do wykonywania swoich wymagalnych zobowiązań pieniężnych, jeżeli op&oacute;źnienie w wykonaniu zobowiązań pieniężnych przekracza trzy miesiące</em>.</span></p>\r\n<p style="text-align: justify;"><span style="font-size: 16px;">2. <span style="text-decoration: line-through;">Dłużnika </span><em>Dłużnik</em> <span style="text-decoration: line-through;">będącego </span><em>będący</em> osobą prawną albo jednostką organizacyjną nieposiadającą osobowości prawnej, kt&oacute;rej odrębna ustawa przyznaje zdolność prawną, <span style="text-decoration: line-through;">uważa się za </span><em>jest </em><span style="text-decoration: line-through;">niewypłacalnego</span><em>niewypłacalny także wtedy, gdy jego zobowiązania </em><span style="text-decoration: line-through;">przekroczą</span><em>pieniężne przekraczają</em> wartość jego majątku, <span style="text-decoration: line-through;">nawet </span><em>stan ten</em> <span style="text-decoration: line-through;">w&oacute;wczas </span><em>utrzymuje</em> <span style="text-decoration: line-through;">gdy </span><em>się przez </em><span style="text-decoration: line-through;">na</span><em>okres </em><span style="text-decoration: line-through;">bieżąco</span><em>przekraczający </em><span style="text-decoration: line-through;">te</span><em>dwadzieścia </em><span style="text-decoration: line-through;">zobowiązania</span><em>cztery </em><span style="text-decoration: line-through;">wykonuje</span><em>miesiące.</em></span></p>\r\n<p style="text-align: justify;"><span style="font-size: 16px;"><em>3. Do majątku, o kt&oacute;rym mowa w ust. 2, nie wlicza się składnik&oacute;w niewchodzących w skład masy upadłości.</em></span></p>\r\n<p style="text-align: justify;"><span style="font-size: 16px;"><em>4. Do zobowiązań pieniężnych, o kt&oacute;rych mowa w ust. 2, nie wlicza się zobowiązań przyszłych, w tym zobowiązań pod warunkiem zawieszającym oraz zobowiązań wobec wsp&oacute;lnika albo akcjonariusza z tytułu pożyczki lub innej czynności prawnej o podobnych skutkach, o kt&oacute;rych mowa w art. 342 ust. 1 pkt 4.</em><em>&nbsp;</em></span></p>\r\n<p style="text-align: justify;"><span style="font-size: 16px;"><em>5. Domniemywa się, że zobowiązania pieniężne dłużnika przekraczają wartość jego majątku, jeżeli zgodnie z bilansem jego zobowiązania, z wyłączeniem rezerw na zobowiązania oraz zobowiązań wobec jednostek powiązanych, przekraczają wartość jego aktyw&oacute;w, a stan ten utrzymuje się przez okres przekraczający dwadzieścia cztery miesiące.</em></span></p>\r\n<p style="text-align: justify;"><span style="font-size: 16px;"><em>6. Sąd może oddalić wniosek o ogłoszenie upadłości, jeżeli nie ma zagrożenia utraty przez dłużnika zdolności do wykonywania jego wymagalnych zobowiązań pieniężnych w niedługim czasie.</em></span></p>\r\n<p style="text-align: justify;"><span style="font-size: 16px;"><em>7. Przepisy ust. 2-6 nie mają zastosowania do sp&oacute;łek osobowych określonych w </em>ustawie<em> z dnia 15 września 2000 r. - Kodeks sp&oacute;łek handlowych (Dz. U. z 2013 r. poz. 1030, z p&oacute;źn. zm.), zwanej dalej "Kodeksem sp&oacute;łek handlowych", w kt&oacute;rych co najmniej jednym wsp&oacute;lnikiem odpowiadającym za zobowiązania sp&oacute;łki bez ograniczenia całym swoim majątkiem jest osoba fizyczna.</em></span></p>\r\n<p style="text-align: justify;"><span style="font-size: 16px;">Jak widać zmian w definicji niewypłacalności jest wiele. Jedną z nich jest domniemanie wprowadzone w ust. 1a. Z chwilą kiedy powstaje po stronie dłużnika op&oacute;źnienie w wykonaniu zobowiązań pieniężnych, kt&oacute;re przekracza trzy miesiące, powstaje domniemanie utraty zdolności wykonywania zobowiązań przez dłużnika. Warto jednak mieć na uwadze, że jest to domniemanie, kt&oacute;re może zostać obalone przez dłużnika w toku postępowania w przedmiocie ogłoszenia upadłości. Ciężar udowodnienia zachowania płynności finansowej będzie jednak spoczywał na dłużniku.</span></p>\r\n<p style="text-align: justify;"><span style="font-size: 16px;">Duża zmiana dotyczyć będzie os&oacute;b prawnych, np. sp&oacute;łek kapitałowych albo jednostek organizacyjnych nieposiadających osobowości prawnej, kt&oacute;rej odrębna ustawa przyznaje zdolność prawną. Podmioty takie, opr&oacute;cz sytuacji wymienionych powyżej staną się niewypłacalne także wtedy, gdy łącznie zostaną spełnione dwie kolejne przesłanki:</span></p>\r\n<p style="text-align: justify;"><span style="font-size: 16px;">- jego zobowiązania pieniężne przekraczają wartość jego majątku,</span></p>\r\n<p style="text-align: justify;"><span style="font-size: 16px;">- oraz stan ten utrzymuje się przez okres przekraczający dwadzieścia cztery miesiące.</span></p>\r\n<p style="text-align: justify;"><span style="font-size: 16px;">Zobowiązania pieniężne dłużnika przekraczają wartość jego majątku, jeżeli zgodnie z bilansem zobowiązania te, z wyłączeniem rezerw na zobowiązania oraz zobowiązań wobec jednostek powiązanych, przekraczają wartość jego aktyw&oacute;w, a stan ten utrzymuje się przez okres przekraczający dwadzieścia cztery miesiące. Tym samym w uproszczeniu oznaczać to będzie w praktyce, że np. w stosunku do sp&oacute;łki z o.o., kt&oacute;ra w dw&oacute;ch kolejnych sprawozdaniach finansowych zawierających bilans wykaże, że zobowiązania przekraczają wartość jej aktyw&oacute;w, powstanie domniemanie niewypłacalności.</span></p>\r\n<p style="text-align: justify;"><span style="font-size: 16px;">Podsumowując, z nowelizacji ww. przepisu prawa wynikać będzie bardziej przejrzyste kryterium uznawania podmiot&oacute;w za niewypłacalne, a przez to więcej wniosk&oacute;w o ogłoszenie upadłości powinno być zasadnych.</span></p>\r\n<p style="text-align: justify;"><span style="font-size: 16px;">Nie wolno jednakże zapomnieć o brzmieniu dodanego ust. 6 tego artykułu - sąd może oddalić (a więc merytorycznie rozpoznać sprawę) wniosek o ogłoszenie upadłości jeżeli nie ma zagrożenia utraty przez dłużnika zdolności do wykonywania jego wymagalnych zobowiązań pieniężnych w niedługim czasie. Oddalenie takiego wniosku korzystać będzie z przymiotu "powagi rzeczy zasądzonej", zatem niemożliwe byłoby natychmiastowe wniesienie nowego wniosku opartego na tych samych podstawach. Co zatem oznacza określenie "w niedługim czasie"? Tego nie wiedzą na obecną chwilę zapewne nawet sądy, kt&oacute;re będą orzekać na podstawie nowych przepis&oacute;w. Ze względu na powyższe niezwykle istotnym jest aby wniosek o ogłoszenie upadłości został przygotowany profesjonalnie.&nbsp;</span></p>'),
(239, 51, 'pl', 'meta_title', 'Kiedy można ogłosić upadłość w kontekście zmian po 1 stycznia 2016 r.?'),
(240, 52, 'pl', 'title', 'Czym ryzykuje pracodawca dopuszczając pracownika do pracy bez umowy?'),
(241, 52, 'pl', 'excerpt', '<p style="text-align: justify;"><span style="font-size: 16px;">Panuje przekonanie, że brak podpisanej umowy o pracę i rozpoczęcie jej świadczenia jest dużym ryzykiem po stronie pracownika. Jednakże rzadko wspomina się o fakcie, że ryzyko po stronie pracodawcy jest dużo większe.</span></p>'),
(242, 52, 'pl', 'text', '<p style="text-align: justify;"><span style="font-size: 16px;">Panuje przekonanie, że brak podpisanej umowy o pracę i rozpoczęcie jej świadczenia jest dużym ryzykiem po stronie pracownika. Jednakże rzadko wspomina się o fakcie, że ryzyko po stronie pracodawcy jest dużo większe.<br /></span></p>\r\n<p style="text-align: justify;"><br /><span style="font-size: 16px;">Pracodawcy nierzadko są w przekonaniu, że zawsze są mocniejszą stroną stosunku pracy. Zapominają przy tym, że przepisy prawa pracy zawierają mechanizmy, kt&oacute;re umożliwiają pracownikowi ochronę swoich praw. Czasem zdarza się, celowo bądź przez przeoczenie służb kadrowych pracodawcy, że pracownik zostaje dopuszczony do świadczenia pracy, zanim dopełnione zostaną formalności. Jakie są konsekwencje takiego zdarzenia? Czy rozpoczęcie świadczenia pracy przez pracownika bez umowy powoduje, że pracodawca po kilku dniach może się rozmyślić i nie dopuścić pracownika do dalszej pracy?</span></p>\r\n<p style="text-align: justify;"><span style="font-size: 16px;">Konsekwencje dla pracodawcy zawarte są wprost w kodeksie pracy. Zgodnie z art.&nbsp;281 pkt. 2 kodeksu pracy:</span></p>\r\n<p style="text-align: justify;"><span style="font-size: 16px;">&bdquo;Kto, będąc pracodawcą lub działając w jego imieniu:</span></p>\r\n<p style="text-align: justify;"><span style="font-size: 16px;">2) nie potwierdza na piśmie zawartej z pracownikiem umowy o pracę,</span></p>\r\n<p style="text-align: justify;"><span style="font-size: 16px;">- podlega karze grzywny od 1000 zł do 30 000 zł.&rdquo;</span></p>\r\n<p style="text-align: justify;"><span style="font-size: 16px;">Oczywiście, aby grzywna została nałożona, musi zostać wszczęte postępowanie przed Państwową Inspekcją Pracy. Pracodawcy powinni mieć na względzie, że inspektorzy PIP są wyczuleni na takie przypadki i często nakładają na pracodawc&oacute;w grzywny.</span></p>\r\n<p style="text-align: justify;"><span style="font-size: 16px;">Jednakże zdecydowanie poważniejsze skutki wynikają z faktu, że nie zawierając umowy o pracę na piśmie i dopuszczając pracownika do pracy, pracodawca na og&oacute;ł zawiera ustną umowę o pracę.</span></p>\r\n<p style="text-align: justify;"><span style="font-size: 16px;">Warto przywołać fragment uzasadnienia <a href="http://www.sn.pl/sites/orzecznictwo/Orzeczenia2/II%20CZ%20102-10.pdf" target="_blank">postanowienia Sądu Najwyższego z dnia 6 października 2010&nbsp; r. II CZ 102/10</a>, w kt&oacute;rym SN zwraca uwagę, iż w literaturze i w judykaturze nie budzi wątpliwości pogląd, że do zawarcia umowy o pracę może dojść w spos&oacute;b dorozumiany i niezachowanie formy pisemnej nie powoduje jej nieważności (por. np. wyroki Sądu Najwyższego z dnia 4 listopada 2009 r., I PK 105/09, LEX nr 55862 i z dnia 2 października 2008 r., I OK 73/08, LEX nr 509025) a <em>Zawarta w formie ustnej umowa o pracę nie jest nieważna.</em>.</span></p>\r\n<p style="text-align: justify;"><span style="font-size: 16px;">Co więcej, niekoniecznie niezbędne jest ustalenie wszelkich warunk&oacute;w pracy ustnie, aby była ona wiążąca dla obu stron. Potwierdza to miedzy innymi Sąd Najwyższy w uzasadnieniu <a href="http://www.sn.pl/sites/orzecznictwo/Orzeczenia2/I%20PK%20105-09-1.pdf" target="_blank">wyroku I PK 105/09 z dnia 4 listopada 2009</a>&nbsp; r.: <em>Do zawarcia umowy o pracę może dojść w spos&oacute;b dorozumiany. Niezachowanie formy pisemnej nie powoduje jej nieważności</em>. Konsekwencje zawarcia dorozumianej umowy o pracę sięgają jeszcze dalej &ndash; już w&nbsp;latach 70 ubiegłego wieku Sąd Najwyższy wskazywał, że jeśli pracodawca nie potwierdzi na piśmie warunk&oacute;w umowy o pracę a pracownik przystąpi do pracy - następuje dorozumiane zawarcie umowy o pracę (poruszono wyrok Sądu Najwyższego z dnia 31 sierpnia 1977 r. - I PRN 112/77).</span></p>\r\n<p style="text-align: justify;"><span style="font-size: 16px;">Natomiast w wyroku Sądu Najwyższego z dnia 5 maja 1976 r., I PR 79/76, SN przesądził, że <em>pracownik, kt&oacute;ry został &nbsp;dopuszczony do pracy (bez podania na piśmie daty końcowej umowy) &ndash; w spos&oacute;b domniemany został zatrudniony na umowę na czas nieokreślony.</em></span></p>\r\n<p style="text-align: justify;"><span style="font-size: 16px;">Powyższe oznacza, że nawet pomimo braku pisemnego określenia warunk&oacute;w pracy i braku zawarcia umowy pomiędzy stronami, powstaje pomiędzy nimi stosunek pracy. Nie ma przy tym znaczenia, czy dopuszczenie pracownika do pracy nastąpiło ze względu na celowe działanie pracodawcy, czy że względu na zwykłe przeoczenie.</span></p>\r\n<p style="text-align: justify;"><span style="font-size: 16px;">Kolejną konsekwencją dopuszczenia pracownika do pracy bez zawartej umowy w formie pisemnej jest fakt, że pracodawca nie m&oacute;gł dopełnić formalności wynikających z obowiązk&oacute;w związanych ze zdrowiem pracownika i nie skierował takiego pracownika na wstępne badania lekarskie, kt&oacute;re mają ustalić czy pracownik nie ma zdrowotnych przeciwskazań do podjecia pracy na określonym stanowisku. Poza tym, że takie naruszenie może skutkować nałożeniem na pracodawcę grzywny przez inspektora Państwowej Inspekcji Pracy to pracodawca, kt&oacute;ry dopuścił do pracy pracownika bez aktualnych badań lekarskich, może być narażony na odpowiedzialność odszkodowawczą, jeśli taki pracownik ulegnie wypadkowi przy pracy. W myśl orzecznictwa Sądu Najwyższego dopuszczenie do pracy bez aktualnego orzeczenia lekarskiego może być bowiem uznane za zewnętrzną przyczynę wypadku (por. wyrok SN z 7 lutego 2006 r., I UK 192/2005).</span></p>\r\n<p style="text-align: justify;"><span style="font-size: 16px;">Podsumowując, pracodawca, kt&oacute;ry nie dopilnuje formalnych aspekt&oacute;w zawarcia umowy o&nbsp;pracę ryzykuje nie tylko obowiązkiem zapłaty grzywny do 30.000 zł, ale przede wszystkim musi liczyć się z tym, że jeśli chciał zatrudnić pracownika nawet na okres pr&oacute;bny, może się okazać, że zatrudnił go na czas nieokreślony. Ponadto w przypadku, gdy pracownik ulegnie wypadkowi podczas wykonywania obowiązk&oacute;w pracowniczych, do kt&oacute;rych został dopuszczony przez pracodawcę bez badań lekarskich, pracodawca może być zobowiązany do zapłaty odszkodowania na rzecz tego pracownika.</span></p>'),
(243, 52, 'pl', 'meta_title', 'Czym ryzykuje pracodawca dopuszczając pracownika do pracy bez umowy?'),
(248, 54, 'pl', 'title', 'Czy wierzyciel zawsze może wskazać nowy podmiot, na rzecz którego musimy spłacić nasz dług?'),
(249, 54, 'pl', 'excerpt', '<p style="text-align: justify;"><span style="font-size: 16px;">Najczęściej, gdy zaciągamy zobowiązanie to jesteśmy przekonani, że będziemy zobowiązani je spełnić na rzecz tego podmiotu, co do kt&oacute;rego się zobowiązaliśmy. Tak jednak wcale nie musi być. Nasze zobowiązanie, a wierzytelność naszego wierzyciela, co do zasady może być traktowana jako zwykły przedmiot obrotu pomiędzy podmiotami - może zostać sprzedana lub po prostu przekazana. Jak się przed tym zabezpieczyć?</span></p>'),
(250, 54, 'pl', 'text', '<p style="text-align: justify;"><span style="font-size: 16px;">Najczęściej, gdy zaciągamy zobowiązanie to jesteśmy przekonani, że będziemy zobowiązani je spełnić na rzecz tego podmiotu, co do kt&oacute;rego się zobowiązaliśmy. Tak jednak wcale nie musi być. Nasze zobowiązanie, a wierzytelność naszego wierzyciela, co do zasady może być traktowana jako zwykły przedmiot obrotu pomiędzy podmiotami - może zostać sprzedana lub po prostu przekazana. Jak się przed tym zabezpieczyć?<br /></span></p>\r\n<p style="text-align: justify;"><br /><span style="font-size: 16px;">Kodeks cywilny przewiduje trzy sytuacje, kiedy przeniesienie takiej wierzytelności jest niedopuszczalne:</span></p>\r\n<p style="text-align: justify;"><span style="font-size: 16px;">- przeniesienie takie sprzeciwiałoby się ustawie (ustawowy zakaz), albo</span></p>\r\n<p style="text-align: justify;"><span style="font-size: 16px;">- przeniesienie takie sprzeciwiałoby się zastrzeżeniu umownemu (postanowienie w umowie zabraniające przelewu wierzytelności przez wierzyciela)&nbsp; albo</span></p>\r\n<p style="text-align: justify;"><span style="font-size: 16px;">- przeniesienie takie sprzeciwiałoby się właściwości zobowiązania (np. wierzytelność osobista, świadczenie jakie może być wykonane tylko na rzecz wierzyciela).</span></p>\r\n<p style="text-align: justify;"><span style="font-size: 16px;">Jeśli żadne z powyższych nie ma zastosowania, to wierzytelność może być przeniesiona na inny podmiot. W takim przypadku dłużnik nie może w żaden spos&oacute;b sprzeciwić się przelewowi wierzytelności.&nbsp;&nbsp; Przywołać tu można wyrok z dnia&nbsp; 28 sierpnia 2013 r. Sądu Okręgowego w Kaliszu, I C 40/13: <em>W myśl art. 509 &sect; 1 k.c. z istoty przelewu wynika prawo wierzyciela do zbycia wierzytelności bez zgody dłużnika. Prawo takie może zostać ograniczone tylko poprzez zawarcie przez wierzyciela i dłużnika umowy o zakazie zbywania wierzytelności</em>.</span></p>\r\n<p style="text-align: justify;"><span style="font-size: 16px;"><strong>Jaką wierzytelność &nbsp;zatem można przenieść?</strong></span></p>\r\n<p style="text-align: justify;"><span style="font-size: 16px;">Sąd Okręgowy w Olsztynie w <a href="http://orzeczenia.ms.gov.pl/content/$N/150515000000503_I_C_000174_2013_Uz_2013-10-23_002" target="_blank">uzasadnieniu wyroku z dnia 14 października 2013 r., I C 174/13</a> wskazał:<em> Zgodnie z art. 509 &sect; 1 k.c. wierzyciel może bez zgody dłużnika przenieść wierzytelność na osobę trzecią (przelew), chyba że sprzeciwiałoby się to ustawie, zastrzeżeniu umownemu albo właściwości zobowiązania. Paragraf 2 tegoż przepisu stanowi, że wraz z wierzytelnością na nabywcę przechodzą wszelkie związane z nią prawa, a w szczeg&oacute;lności roszczenie o zaległe odsetki</em>. <em>Przedmiotem wierzytelności może być co do zasady wierzytelność istniejąca, kt&oacute;rą cedent może swobodnie dysponować. Ponadto wierzytelność ta powinna być w spos&oacute;b dostateczny zindywidualizowana, choćby przez wyraźne oznaczenie stosunku zobowiązaniowego, z kt&oacute;rego ta wierzytelność wynika.</em></span></p>\r\n<p style="text-align: justify;"><span style="font-size: 16px;">Stanowisko to potwierdza Sąd Apelacyjny w Warszawie w <a href="http://orzeczenia.ms.gov.pl/content/VI$0020ACa$0020806$002f13/154500000003003_VI_ACa_000806_2010_Uz_2010-10-13_001" target="_blank">wyroku&nbsp; z dnia 25 kwietnia 2014 r. VI ACa 806/13</a>:</span></p>\r\n<p style="text-align: justify;"><span style="font-size: 16px;"><em>Co do zasady nie można czynić wierzycielowi zarzutu, że dokonuje cesji wierzytelności przysługującej mu od dłużnika. (&hellip;) Przedmiotem przelewu jest wierzytelność, tj. prawo podmiotowe wierzyciela do żądania od dłużnika świadczenia. Innymi słowy przedmiotem przelewu może być więc wierzytelność, kt&oacute;rej źr&oacute;dłem jest zobowiązanie naturalne. Może nim być także wierzytelność przedawniona - gdyby dłużnik spełnił takie świadczenie na rzecz nabywcy, nie mogłoby zostać ono uznane za bezpodstawne. Przedmiotem przelewu może być r&oacute;wnież wierzytelność niewymagalna. Wreszcie przedmiotem przelewu może być wierzytelność sporna.</em></span></p>\r\n<p style="text-align: justify;"><span style="font-size: 16px;">Z powyższego wynika, że jeżeli strony nie postanowiły umownie o zakazie dokonywania przeniesienia wierzytelności przez wierzyciela, to bardzo rzadko będzie dochodziło do sytuacji, gdy wierzyciel nie będzie m&oacute;gł takiego przeniesienia dokonać. Ponadto, w przypadku dokonania przeniesienia wierzytelności dłużnikowi nie przysługuje żaden instrument prawny, kt&oacute;ry m&oacute;głby unieważnić przeniesienia, ani tym bardziej pozwalający dłużnikowi żądać od wierzyciela jakiegokolwiek odszkodowania. Jest to o tyle istotne, że praktycznie każda wierzytelność może zostać przeniesiona &ndash; w tym wierzytelność jeszcze niewymagalna lub sporna.</span></p>\r\n<p style="text-align: justify;"><span style="font-size: 16px;">Podsumowując, jeśli chcemy być pewni, że nasze zobowiązanie nie będzie przedmiotem obrotu i nie trafi do podmiotu, na rzecz kt&oacute;rego nie chcielibyśmy nic świadczyć, konieczne jest wprowadzenie odpowiednich postanowień umownych.</span></p>'),
(251, 54, 'pl', 'meta_title', 'Czy wierzyciel zawsze może wskazać nowy podmiot, na rzecz którego musimy spłacić nasz dług?'),
(252, 55, 'pl', 'title', 'Świadczenie wyrównawcze w umowie agencyjnej'),
(253, 55, 'pl', 'excerpt', '<p><span style="font-size: 16px;">Rozpowszechnianie wszelkich form outsourcingu nabiera coraz większego tempa. Nikogo już nie dziwi korzystanie z zewnętrznych usług księgowych czy prawnych, gdyż jest to nie tylko bardziej korzystne finansowo niż stworzenie odpowiednich dział&oacute;w obsługi w ramach własnej struktury organizacyjnej, ale także pozwala na przerzucenie pewnej części odpowiedzialności za wykonywanie tych usług na inne osoby czy podmioty. W ostatnich czasach widzimy też na rynku coraz większe zainteresowanie usługami przedstawicieli handlowych, kt&oacute;rzy coraz częściej wybierają jako formę wsp&oacute;łpracy tzw. &bdquo;samozatrudnienie&rdquo;, a następnie rozw&oacute;j przedsiębiorstw, kt&oacute;re pozwalają na całkowity outsourcing usług handlowych. To zaś spowodowało, iż mało popularna w latach 80&rsquo; czy 90&rsquo; XX wieku umowa agencyjna przeżywa swoją drugą młodość wiele lat p&oacute;źniej od dnia, w kt&oacute;rym włączono ją do systemu prawnego w Polsce.</span></p>'),
(254, 55, 'pl', 'text', '<p style="text-align: justify;"><span style="font-size: 16px;">Rozpowszechnianie wszelkich form outsourcingu nabiera coraz większego tempa. Nikogo już nie dziwi korzystanie z zewnętrznych usług księgowych czy prawnych, gdyż jest to nie tylko bardziej korzystne finansowo niż stworzenie odpowiednich dział&oacute;w obsługi w ramach własnej struktury organizacyjnej, ale także pozwala na przerzucenie pewnej części odpowiedzialności za wykonywanie tych usług na inne osoby czy podmioty. W ostatnich czasach widzimy też na rynku coraz większe zainteresowanie usługami przedstawicieli handlowych, kt&oacute;rzy coraz częściej wybierają jako formę wsp&oacute;łpracy tzw. &bdquo;samozatrudnienie&rdquo;, a następnie rozw&oacute;j przedsiębiorstw, kt&oacute;re pozwalają na całkowity outsourcing usług handlowych. To zaś spowodowało, iż mało popularna w latach 80&rsquo; czy 90&rsquo; XX wieku umowa agencyjna przeżywa swoją drugą młodość wiele lat p&oacute;źniej od dnia, w kt&oacute;rym włączono ją do systemu prawnego w Polsce.</span></p>\r\n<p style="text-align: justify;"><br /><span style="font-size: 16px;">Umowa agencyjna, uregulowana w przepisach art. 758 i następnych Kodeksu Cywilnego, to kontrakt zawierany pomiędzy dwoma przedsiębiorcami (nie można więc zawrzeć takiej umowy w przypadku, gdy choćby jedną ze stron ma być osoba fizyczna nieprowadząca działalności gospodarczej). Jego istotą jest to, iż agent zobowiązuje się do stałego pośredniczenia, za wynagrodzeniem, przy zawieraniu um&oacute;w z klientami dającego zlecenie lub zawieraniu tych um&oacute;w w jego imieniu. Co do zasady za wykonywanie przedmiotowych usług agentowi należy się wynagrodzenie obliczane na zasadzie prowizji, a więc wynagrodzenia uzależnionego od wartości lub ilości zawartych um&oacute;w. Co jednak najbardziej istotne &ndash; spos&oacute;b rozliczania agenta jest pozostawiony stronom do ustalenia, powyżej wskazany przepis określa jedynie modelowy spos&oacute;b wynagradzania agenta. Może to więc być prowizja kwotowa (np. 100 zł za pozyskanego klienta), procentowa (np. 5% wartości sprzedaży netto) lub mieszana (np. 100 zł za pozyskanie klienta oraz 5% od każdej wpłaty).&nbsp;</span></p>\r\n<p style="text-align: justify;"><span style="font-size: 16px;">Umowa agencyjna, jak niemal każda umowa w obrocie gospodarczym, może zostać wypowiedziana lub rozwiązana przez jedną ze stron. W takiej sytuacji ustawodawca przewidział narzędzie, kt&oacute;re chroni agenta przed utratą prowizji, przynależnej mu z tytułu już zawartych um&oacute;w. Mechanizm ten nazywany został świadczeniem wyr&oacute;wnawczym i należy się agentowi z mocy prawa, na podstawie przepisu art. 764<sup>3</sup> Kodeksu Cywilnego.</span></p>\r\n<p style="text-align: justify;"><span style="font-size: 16px;">Świadczenie wyr&oacute;wnawcze jest roszczeniem agenta, jeżeli w czasie trwania umowy pozyskał on nowych klient&oacute;w lub doprowadził do istotnego wzrostu obrot&oacute;w z dotychczasowymi klientami, a dający zlecenie czerpie nadal znaczne korzyści z um&oacute;w z tymi klientami. Dotyczy więc albo kontrakt&oacute;w terminowych, związanych z wykonywanymi przez dającego zlecenie usługami i rozliczanymi za pomocą prowizji procentowej lub mieszanej, albo relacji handlowych z danym klientem w postaci wykonywania stałych i regularnych um&oacute;w np. sprzedaży lub dostawy. Wysokość świadczenia wyr&oacute;wnawczego nie może przekroczyć wysokości wynagrodzenia agenta za jeden rok obliczonego na podstawie średniej sprzedaży z ostatnich pięciu lat, zaś w przypadku, gdy umowa agencyjna trwała kr&oacute;cej niż 5 lat &ndash; na podstawie średniej wyliczonej z całego okresu obowiązywania umowy.</span></p>\r\n<p style="text-align: justify;"><span style="font-size: 16px;">Aby m&oacute;c dochodzić świadczenia wyr&oacute;wnawczego agent musi zgłosić swoje żądanie w terminie roku od dnia rozwiązania umowy. Nie jest więc możliwe uznanie, że należy się ono z mocy prawa. Ponadto taka konstrukcja wskazuje, iż to na agencie spoczywa ciężar udowodnienia, iż spełnił on przesłanki do uzyskania takiego świadczenia, a więc że pozyskał nowych klient&oacute;w lub doprowadził do istotnego wzrostu obrot&oacute;w z dotychczasowymi oraz że dający zlecenie nadal czerpie znaczne korzyści z tych um&oacute;w. O ile w wypadku zawierania terminowych kontrakt&oacute;w z kontrahentami wykazanie tych okoliczności nie jest stosunkowo trudne, to w przypadku, nawet regularnych, pojedynczych um&oacute;w sprzedaży &ndash; udowodnienie utrzymania ciągłych korzyści dla mocodawcy przez agenta może być problematyczne, dlatego też warto w takich sprawach skorzystać z doświadczeń profesjonalisty. Doświadczenie pokazuje bowiem, że sprawy o zapłatę świadczenia wyr&oacute;wnawczego, zwłaszcza w przypadku kontrahent&oacute;w zza granicy, potrafią być niezwykle złożone i trudne z punktu widzenia dowodzenia swoich racji.</span></p>\r\n<p style="text-align: justify;"><span style="font-size: 16px;">Świadczenie wyr&oacute;wnawcze nie należy się jednak agentowi w każdej sytuacji rozwiązania umowy agencyjnej. Kodeks Cywilny przewiduje trzy wyjątki, w kt&oacute;rych uzyskanie tej rekompensaty jest niemożliwe.</span></p>\r\n<ol>\r\n<li style="text-align: justify;"><span style="font-size: 16px;">Dający zlecenie wypowiedział umowę na skutek okoliczności, za kt&oacute;re odpowiedzialność ponosi agent, usprawiedliwiających wypowiedzenie umowy bez zachowania termin&oacute;w wypowiedzenia.</span><br /><span style="font-size: 16px;">W takim wypadku ciężar udowodnienia takiego faktu spoczywa na dającym zlecenie. To on musi wykazać wystąpienie tych okoliczności oraz udowodnić, iż nastąpiły one na skutek działania lub zaniechania, za jakie odpowiedzialność ponosi agent.</span></li>\r\n<li style="text-align: justify;"><span style="font-size: 16px;">Agent wypowiedział umowę, chyba że wypowiedzenie jest uzasadnione okolicznościami, za kt&oacute;re odpowiada dający zlecenie, albo jest usprawiedliwione wiekiem, ułomnością lub chorobą agenta, a względy słuszności nie pozwalają domagać się od niego dalszego wykonywania czynności agenta.</span><br /><span style="font-size: 16px;">Odpowiedzialność za udowodnienie &bdquo;uzasadnionych okoliczności&rdquo; spoczywa na agencie. W praktyce sprawy prowadzone w oparciu o ten przepis są nadzwyczaj trudne, zwłaszcza w przypadkach określonych w tym podpunkcie jako &bdquo;usprawiedliwione wiekiem, ułomnością lub chorobą&rdquo;. Żaden przepis nie precyzuje o jakim wieku lub jakich chorobach mowa &ndash; każda sprawa rozpatrywana jest indywidualnie.</span></li>\r\n<li><span style="font-size: 16px;">Agent za zgodą dającego zlecenie przeni&oacute;sł na inną osobę swoje prawa i obowiązki wynikające z umowy.</span></li>\r\n</ol>\r\n<p style="text-align: justify;"><span style="font-size: 16px;">Ciężar udowodnienia istnienia takiej zgody spoczywa na agencie.</span></p>\r\n<p style="text-align: justify;"><span style="font-size: 16px;">Podsumowując powyższe rozważania należy podkreślić, iż strony w umowie agencyjnej nie mogą zawrzeć regulacji odbiegających od ustawowych norm na niekorzyść agenta. Oznacza to, iż możliwe jest zawarcie klauzuli, zgodnie z kt&oacute;rą agentowi będzie się należało wynagrodzenie wyższe niż wyliczone na podstawie ustawy, lub że będzie się należało np. także w przypadku nieuzasadnionego rozwiązania umowy przez agenta. W przypadku zawarcia w umowie klauzuli mniej korzystnej dla agenta &ndash; będzie ona nieważna, a w jej miejsce zastosowanie znajdą regulacje z ustawy.</span></p>\r\n<p style="text-align: justify;"><span style="font-size: 16px;">Jak widać w powyższej analizie, sprawy o zapłatę świadczenia wyr&oacute;wnawczego, choć teoretycznie wydają się nieskomplikowane, mogą nastręczać wiele trudności dla obu stron takiego postępowania. Dlatego też warto, niezależnie od tego, po kt&oacute;rej stronie procesowej się znajdujesz, skorzystać z pomocy profesjonalisty, kt&oacute;ry z pewnością pomoże Ci zrozumieć istotę problemu i skutecznie uzasadnić swoje stanowisko w danej sprawie.</span></p>'),
(255, 55, 'pl', 'meta_title', 'Świadczenie wyrównawcze w umowie agencyjnej'),
(256, 56, 'pl', 'title', 'Ustalenie istnienia stosunku pracy'),
(257, 56, 'pl', 'excerpt', '<p style="text-align: justify;"><span style="font-size: 16px;">Praca na tzw. &bdquo;umowach śmieciowych&rdquo; to jeden z największych problem&oacute;w na rynku pracy, z jakim muszą się zmierzyć osoby, kt&oacute;re dopiero rozpoczynają zawodową karierę. Pracodawcy, niejednokrotnie w obawie przed nadmiernymi kosztami lub działając w celu uniknięcia problemu uprawnień pracowniczych wynikających z Kodeksu Pracy, proponują swoim przyszłym podwładnym umowę zlecenia lub o dzieło jako substytut umowy o pracę. Pracownik jest jednak chroniony przed tego rodzaju działaniem przez przepisy prawa. Zastępowanie um&oacute;w o pracę umowami cywilnoprawnymi jest bowiem, na podstawie art. 22 &sect; 1<sup>1</sup> Kodeksu Pracy, niedopuszczalne, i stanowi wykroczenie przeciwko prawom pracownika zagrożone karą grzywny nawet do 30 tys. zł.</span></p>'),
(258, 56, 'pl', 'text', '<p style="text-align: justify;"><span style="font-size: 16px;">Praca na tzw. &bdquo;umowach śmieciowych&rdquo; to jeden z największych problem&oacute;w na rynku pracy, z jakim muszą się zmierzyć osoby, kt&oacute;re dopiero rozpoczynają zawodową karierę. Pracodawcy, niejednokrotnie w obawie przed nadmiernymi kosztami lub działając w celu uniknięcia problemu uprawnień pracowniczych wynikających z Kodeksu Pracy, proponują swoim przyszłym podwładnym umowę zlecenia lub o dzieło jako substytut umowy o pracę. Pracownik jest jednak chroniony przed tego rodzaju działaniem przez przepisy prawa. Zastępowanie um&oacute;w o pracę umowami cywilnoprawnymi jest bowiem, na podstawie art. 22 &sect; 1<sup>1</sup> Kodeksu Pracy, niedopuszczalne, i stanowi wykroczenie przeciwko prawom pracownika zagrożone karą grzywny nawet do 30 tys. zł.<br /></span></p>\r\n<p style="text-align: justify;"><br /><span style="font-size: 16px;">Oczywiście, nie każda umowa zlecenia czy o dzieło stanowi ominięcie przez pracodawcę przepis&oacute;w prawa. Stosowanie tego rodzaju porozumień jest jak najbardziej dopuszczalne i akceptowalne, pod warunkiem jednak, że ich zastosowanie znajduje odzwierciedlenie w przepisach. Nie można r&oacute;wnież z g&oacute;ry założyć, że umowa cywilnoprawna, nawet, jeśli jest swoją treścią zbliżona do stosunku pracy, została zawarta w celu obejścia prawa. Jakie więc warunki musi spełnić umowa o dzieło lub zlecenia, by można było ją uznać za umowę o pracę?</span></p>\r\n<p style="text-align: justify;"><span style="font-size: 16px;">Kodeks Pracy, kt&oacute;ry reguluje istotę tzw. stosunku pracy (a więc relacji pomiędzy pracodawcą a pracownikiem), wskazuje na grupę czynnik&oacute;w, kt&oacute;re muszą być spełnione, by można było m&oacute;wić o zaistnieniu takiego stosunku. Jak wskazuje się w orzecznictwie i piśmiennictwie są to :</span></p>\r\n<ul style="text-align: justify;">\r\n<li><span style="font-size: 16px;">podporządkowanie pracownika bezpośrednio pracodawcy lub jego zaszeregowanie w strukturze organizacyjnej pracodawcy;</span></li>\r\n<li><span style="font-size: 16px;">odpłatność za wykonaną pracę;</span></li>\r\n<li><span style="font-size: 16px;">wykonywanie pracy w miejscu i czasie wskazanym przez pracodawcę.</span></li>\r\n<li><span style="font-size: 16px;">konieczność osobistego wykonywania pracy przez pracownika;</span></li>\r\n<li><span style="font-size: 16px;">powtarzalność określonych czynności wykonywanych przez pracownika;</span></li>\r\n<li><span style="font-size: 16px;">spoczywające na pracodawcy ekonomiczne, gospodarcze i socjalne ryzyko procesu produkcyjnego/świadczenia usług;</span></li>\r\n</ul>\r\n<p style="text-align: justify;"><span style="font-size: 16px;">Jest to nieco rozszerzony katalog w stosunku do regulacji wynikającej z art. 22 &sect;1 Kodeksu Pracy, kt&oacute;ry wymienia tylko cztery pierwsze przesłanki, pozostałe wynikają z innych regulacji kodeksowych. Cechy te, jeśli są spełnione łącznie, przesądzają o istnieniu w danej relacji stosunku pracy. Praktyka pokazuje, że ich ocena niestety nie zawsze jest tak łatwa, jak się wydaje, dlatego też warto skorzystać z porady lub zasięgnąć opinii specjalisty z tego zakresu zanim podejmie się kroki prawne.</span></p>\r\n<p style="text-align: justify;"><span style="font-size: 16px;">Zgodnie z art. 22 &sect;1<sup>1</sup> Kodeksu Pracy każdy stosunek, niezależnie od tego jak dana umowa zostanie nazwana, kt&oacute;ry spełnia wspomniane wyżej przesłanki jest zatrudnieniem na podstawie stosunku pracy. Jak jednak orzekł Sąd Apelacyjny w Szczecinie (<a href="http://orzeczenia.ms.gov.pl/content/$N/155500000001521_III_AUa_000621_2014_Uz_2015-04-16_001" target="_blank">wyrok z dnia 16 kwietnia 2015 roku, III AUa 621/14</a>) przepis ten nie stwarza tzw. domniemania istnienia stosunku pracy, co powoduje, że osoba, kt&oacute;ra wykonuje swoje obowiązki np. na podstawie umowy zlecenia nie może skorzystać z płatnego urlopu powołując się na ten przepis - konieczne jest uprzednie wystąpienie do Sądu z pow&oacute;dztwem o ustalenie istnienia stosunku pracy.</span></p>\r\n<p style="text-align: justify;"><span style="font-size: 16px;">Pow&oacute;dztwo o ustalenie istnienia stosunku pracy wnosi się do właściwej dla spraw stosunku pracy izby sądu rejonowego &ndash; obowiązuje tu tzw. właściwość przemienna, a więc pow&oacute;d ma prawo wybrać sąd właściwy do rozpatrzenia tej sprawy spośr&oacute;d tych, kt&oacute;re są właściwe miejscowo dla jego miejsca zamieszkania, siedziby zakładu pracy oraz dla miejsca wykonywanej pracy. Z pow&oacute;dztwem takim może wystąpić:</span></p>\r\n<ul style="text-align: justify;">\r\n<li><span style="font-size: 16px;">osoba twierdząca, iż jest (lub była) stroną stosunku pracy;</span></li>\r\n<li><span style="font-size: 16px;">Inspektor Pracy &ndash; może złożyć pozew bez zgody osoby, na rzecz kt&oacute;rej występuje, a także może przystąpić do toczącego się postępowania za zgodą powoda;</span></li>\r\n<li><span style="font-size: 16px;">inne osoby, kt&oacute;re mają w tym interes prawny &ndash; na przykład spadkobiercy.</span></li>\r\n</ul>\r\n<p style="text-align: justify;"><span style="font-size: 16px;">Złożenie pozwu w sprawie o ustalenie istnienia stosunku pracy jest zwolnione z opłat sądowych.</span></p>\r\n<p style="text-align: justify;"><span style="font-size: 16px;">Jednocześnie warto zaznaczyć, iż nie ma obowiązku złożenia najpierw pozwu o ustalenie istnienia stosunku pracy, a dopiero następnie wystąpienia np. o ekwiwalent za niewykorzystany urlop, o wyr&oacute;wnanie wynagrodzenia do wysokości najniższego wynagrodzenia ustalonego w odrębnych przepisach, o wypłatę wynagrodzenia za pracę w nadgodzinach etc. Wszystkie te żądania mogą zostać skierowane w jednym pozwie, zaś Sąd będzie zobowiązany do uprzedniego zbadania sprawy istnienia stosunku pracy. Jest to o tyle istotne, iż niedokonanie tych czynności w jednym pozwie może doprowadzić do tego, iż pomimo uznania istnienia stosunku pracy dochodzenie roszczeń nie będzie możliwe, gdyż te już się przedawnią (roszczenia ze stosunku pracy przedawniają się po upływie okresu 3 lat od dnia ich wymagalności).</span></p>\r\n<p style="text-align: justify;"><span style="font-size: 16px;">Sąd, po zbadaniu czy pozew jest sformułowany prawidłowo, przystąpi do analizy merytorycznej, w ramach kt&oacute;rej sprawdzi wolę stron podczas zawierania umowy oraz wystąpienie przesłanek stosunku pracy, kt&oacute;re zostały podane powyżej. Z tego punktu warto zauważyć, iż nie istnieje &bdquo;wydeptana ścieżka&rdquo;, schemat, kt&oacute;rym kieruje się Sąd orzekając w takich sprawach. Orzecznictwo jest bardzo r&oacute;żnorodne, uzależnione ściśle od danej relacji i charakteru danego stosunku. Oczywiście, istnieje procedura wynikająca z przepis&oacute;w o postępowaniu cywilnym &ndash; jednak to, jak dana sprawa się skończy zależy od bardzo wielu czynnik&oacute;w, kt&oacute;re nie spos&oacute;b wyłożyć w tak kr&oacute;tkim tekście.</span></p>\r\n<p style="text-align: justify;"><span style="font-size: 16px;">Dlatego też, jeśli masz pytania dotyczące ustalenia istnienia stosunku pracy lub potrzebujesz pomocy w takim postępowaniu &ndash; skorzystaj z poniższego formularza, by uzyskać wsparcie specjalisty.</span></p>'),
(259, 56, 'pl', 'meta_title', 'Ustalenie istnienia stosunku pracy'),
(260, 57, 'pl', 'title', 'Czy opłacalne jest wspólne rozliczanie dochodów przez małżonków?'),
(261, 57, 'pl', 'excerpt', '<p style="text-align: justify;"><span style="font-size: 16px;">Kończący się rok podatkowy to czas, w kt&oacute;rym wielu polskich podatnik&oacute;w zaczyna mieć poważne wątpliwości. Gł&oacute;wnie dotyczą one rozliczenia dochod&oacute;w za mijający rok, a także formy opodatkowania w roku kolejnym. Wciąż małym zainteresowaniem Polak&oacute;w cieszy się tzw. wsp&oacute;lne rozliczanie dochod&oacute;w ze wsp&oacute;łmałżonkiem &ndash; dlaczego?</span></p>');
INSERT INTO `publication_translate` (`id`, `foreign_id`, `lang`, `key`, `value`) VALUES
(262, 57, 'pl', 'text', '<p style="text-align: justify;"><span style="font-size: 16px;">Kończący się rok podatkowy to czas, w kt&oacute;rym wielu polskich podatnik&oacute;w zaczyna mieć poważne wątpliwości. Gł&oacute;wnie dotyczą one rozliczenia dochod&oacute;w za mijający rok, a także formy opodatkowania w roku kolejnym. Wciąż małym zainteresowaniem Polak&oacute;w cieszy się tzw. wsp&oacute;lne rozliczanie dochod&oacute;w ze wsp&oacute;łmałżonkiem &ndash; dlaczego?<br /></span></p>\r\n<p style="text-align: justify;"><br /><span style="font-size: 16px;"><strong>Kiedy i w jaki spos&oacute;b małżonkowie mogą rozliczyć wsp&oacute;lnie swoje dochody?</strong></span></p>\r\n<p style="text-align: justify;"><span style="font-size: 16px;">Na początku należy zaznaczyć, że dokonanie wsp&oacute;lnego rozliczenia dochod&oacute;w za dany rok podatkowy z małżonkiem nie jest og&oacute;lnodostępnym rozwiązaniem. Zainteresowani muszą spełnić odpowiednie wymogi, a te, jak pokazuje praktyka, łącznie spełnia tylko pewna część polskich małżeństw. Po pierwsze, muszą znajdować się w identycznej sytuacji podatkowej, a więc podlegać tzw. nieograniczonemu obowiązkowi podatkowemu. Oznacza to, że oboje małżonkowie muszą mieć miejsce zamieszkania na terenie Polski, a i wszystkie wypracowane przez nich dochody (bez względu na miejsce ich osiągnięcia) podlegają właśnie na terenie kraju (Polski) obowiązkowi podatkowemu. Drugi warunek, jaki muszą spełnić zainteresowani, to w roku podatkowym, za kt&oacute;ry rozliczają dochody, muszą mieć wsp&oacute;lnotę majątkową trwającą w spos&oacute;b ciągły. Małżeństwa, kt&oacute;re w trakcie roku podatkowego się rozwiodły (nawet w jego ostatnich dniach), już z takiej formy rozliczenia nie mogą skorzystać. Ustawodawca przewiduje natomiast preferencyjne rozwiązanie dla os&oacute;b owdowiałych. Jeśli w minionym roku podatkowym ich małżonek żył, ale zmarł przed marcowymi rozliczeniami z fiskusem w roku kolejnym, to ten żyjący może skorzystać ze wsp&oacute;lnego rozliczenia, nawet jeśli jego partner przed śmiercią nie występował o to w spos&oacute;b formalny. Trzeci i ostatni warunek, jaki muszą spełnić zainteresowani analizowaną formą rozliczenia, to tzw. warunek formalny. Oznacza to, iż konieczne jest, aby wystąpili o to poprzez złożenie stosownego wniosku. Warto zaznaczyć, co budzi często sprzeciw wielu podatnik&oacute;w, że pewne małżeństwa, nawet jeśli spełnią powyższe warunki, i tak nie będą mogły wsp&oacute;lnie rozliczyć dochod&oacute;w. Między innymi taka sytuacja ma miejsce w przypadku, gdy jeden ze wsp&oacute;łmałżonk&oacute;w zdecydował się, iż swoją pozarolniczą działalność gospodarczą będzie rozliczał poprzez stosowanie podatku liniowego, czy też jest ryczałtowcem albo w toku swojej działalności gospodarczej podlega przepisom Ustawy o podatku tonażowym. Rozwiązanie to automatycznie wyłącza takiej osobie możliwość wsp&oacute;lnego rozliczania dochod&oacute;w ze wsp&oacute;łmałżonkiem.</span></p>\r\n<p style="text-align: justify;"><span style="font-size: 16px;"><strong>Co daje w rzeczywistości wsp&oacute;lne rozliczenie uzyskanych dochod&oacute;w?</strong></span></p>\r\n<p style="text-align: justify;"><span style="font-size: 16px;">Wyb&oacute;r wsp&oacute;lnego rozliczenia dochod&oacute;w przez małżonk&oacute;w ma liczne konsekwencje. Po pierwsze, stosowany jest w&oacute;wczas inny mechanizm naliczania podatku. Tak więc małżonkowie wsp&oacute;lnie się rozliczający są zobligowani do zapłacenia podatku, kt&oacute;ry jest r&oacute;wny wysokości podatku naliczonego od połowy dochod&oacute;w, kt&oacute;re łącznie mąż i żona uzyskali w poprzednim roku podatkowym. Ze względ&oacute;w praktycznych zasadne jest uznać, że taki mechanizm kalkulacyjny podatku jest korzystny tylko w jednej sytuacji. Mianowicie, gdy mąż i żona uzyskują bardzo odmienne pod względem wysokości dochody w ciągu roku podatkowego. Najwięcej więc mogą zyskać małżeństwa, w kt&oacute;rych jeden ze wsp&oacute;łmałżonk&oacute;w w og&oacute;le nie pracuje, ma doch&oacute;d zerowy, a drugi pracuje, uzyskując bardzo wysokie dochody. R&oacute;wnież taka forma rozliczenia jest opłacalna wtedy, gdy oboje małżonkowie pracują, ale są zaliczani do odmiennych grup podatkowych, z uwagi na zr&oacute;żnicowane dochody. Jest to wreszcie szansa dla małżonk&oacute;w o zr&oacute;żnicowanych dochodach na skorzystanie z wielu ulg podatkowych. Wsp&oacute;łmałżonek uzyskujący bardzo niskie dochody, samodzielnie się rozliczając, takiej możliwości by nie miał. Wątpliwa jest natomiast opłacalność rozliczenia w takiej postaci w przypadku małżonk&oacute;w aktywnych zawodowo, uzyskujących podobne r&oacute;wnie wysokie dochody w ciągu roku podatkowego.</span></p>\r\n<p style="text-align: justify;"><span style="font-size: 16px;"><strong>Wsp&oacute;lne rozliczanie dochod&oacute;w z małżonkiem może być jednak ryzykowne, kiedy?</strong></span></p>\r\n<p style="text-align: justify;"><span style="font-size: 16px;">Sytuacja taka ma miejsce w zasadzie tylko wtedy, gdy&nbsp; badana jest odpowiedzialność za zobowiązania wynikające z podatk&oacute;w. W przypadku, gdy małżonkowie wsp&oacute;lnie się rozliczają organ podatkowy może ich dochodzić z tzw. majątku w ujęciu szerokim. Zar&oacute;wno więc z majątku, kt&oacute;ry posiada na wyłączność każdy z małżonk&oacute;w, jak i z ich majątku wsp&oacute;lnego. Jeszcze bardziej sytuacja jest skomplikowana, gdy powstają tzw. zaległości podatkowe. Gdy małżonkowie są podatnikami rozliczającymi się indywidualnie, organ nie może tych zaległości powstałych np. w związku z działalnością zarobkową męża dochodzić z indywidualnego majątku jego żony. Kiedy jednak małżonkowie decydują się na tzw. rozliczenie wsp&oacute;lne dochod&oacute;w, taki zakaz już nie istnieje. Co więcej, przy prowadzonych czynnościach już z zakresu egzekucji nie ma znaczenia, kt&oacute;ry z małżonk&oacute;w wsp&oacute;lnie się rozliczających, przyczynił się do powstania zaległości podatkowej. Tak więc w sytuacji, gdy żona nie zarabia, a mąż zarabia, np. prowadząc własną firmę i powstanie zaległość podatkowa, a małżonkowie rozliczają się wsp&oacute;lnie, to r&oacute;wnież żona będzie ponosiła odpowiedzialność za zaległości podatkowe, kt&oacute;rych dopuścił się jej mąż, mimo, iż w żaden spos&oacute;b nie przyczyniła się swoją aktywnością do ich powstania.</span></p>\r\n<p style="text-align: justify;"><span style="font-size: 16px;"><strong>Jak podjąć decyzję o wyborze formy rozliczenia dochod&oacute;w, jak uzupełnić wniosek o wsp&oacute;lne rozliczenie dochod&oacute;w z małżonkiem? </strong></span></p>\r\n<p style="text-align: justify;"><span style="font-size: 16px;">Znajomość podstawowych przesłanek umożliwiających skorzystanie ze wsp&oacute;lnego rozliczenia dochod&oacute;w przez małżonk&oacute;w to jednak nie wszystko. Każde małżeństwo, jak pokazuje praktyka, znajduje się w indywidualnej sytuacji podatkowej. Skorzystanie z takiej formy rozliczenia nie dla wszystkich jest możliwe, opłacalne, a i wymaga uzupełnienia stosownych dokument&oacute;w. Teraz jednak działania te można zdecydowanie uprościć. Wystarczy skorzystać z e-porady w dziedzinie prawa podatkowego w Serwisie Jakprawnie.pl. Prawnicy bardzo skrupulatnie analizują sytuację swoich klient&oacute;w, a także wskazują, jaka forma rozliczenia w ich sytuacji będzie najlepsza. Towarzyszą swoim Klientom także w przygotowaniu treści wniosku, gdy finalnie zdecydują się skorzystać ze wsp&oacute;lnego rozliczenia. Uzyskanie takiej porady od profesjonalist&oacute;w jest rozwiązaniem godnym uwagi, ponieważ Klient uzyska fachową pomoc w kilka chwil bez wychodzenia z domu.</span></p>\r\n<p style="text-align: justify;"><span style="font-size: 16px;">Podsumowując, zasadne jest raz jeszcze podkreślić, że tzw. wsp&oacute;lne rozliczanie dochod&oacute;w przez małżonk&oacute;w jest pewną preferencją podatkową. Zdecydowanie jednak nie wszystkie małżeństwa mogą z niej skorzystać, a co więcej - nie dla wszystkich będzie to opłacalne. Na pewno warto, aby taką postać rozliczenia uzyskiwanych dochod&oacute;w wzięli pod uwagę małżonkowie, kt&oacute;rych zarobki w ciągu roku są zr&oacute;żnicowane. Także skorzystają na tym rozwiązaniu pary, w kt&oacute;rych tylko jedna strona jest czynna zawodowo i uzyskuje dochody. Wcześniej jednak warto skonsultować wszelakie wady i zalety takiej formy rozliczenia z ekspertami Serwisu Jakprawnie.pl. Zagwarantują oni, iż rzeczywiście sytuacja indywidualna małżeństwa sprzyja skorzystaniu przez nie z takiej postaci rozliczenia dochod&oacute;w.</span></p>'),
(263, 57, 'pl', 'meta_title', 'Czy opłacalne jest wspólne rozliczanie dochodów przez małżonków?'),
(264, 58, 'pl', 'title', 'Czy przedsiębiorca może kontrolować swoich telepracowników?'),
(265, 58, 'pl', 'excerpt', '<p style="text-align: justify;"><span style="font-size: 16px;">XXI wiek jest zdecydowanie okresem, w kt&oacute;rym rozwinęło się wiele bardzo r&oacute;żnych form pracy i&nbsp;zatrudnienia. Między innymi popularność zyskały outsourcing, coworking, czy praca wykonywana osobiście w formie zdalnej. Wielu przedsiębiorc&oacute;w z uwagi&nbsp; na niższe koszty zatrudnienia decyduje się na zatrudnienie telepracownik&oacute;w. Pod względem organizacyjnym tak wykonywana pracy jest źr&oacute;dłem obop&oacute;lnych korzyści. Przedsiębiorcy jednak mają poważne wątpliwości, jakie przy takim charakterze pracy przysługują im prawa wobec zatrudnionych. Warto szczeg&oacute;łowo to przeanalizować.</span></p>'),
(266, 58, 'pl', 'text', '<p style="text-align: justify;"><span style="font-size: 16px;">XXI wiek jest zdecydowanie okresem, w kt&oacute;rym rozwinęło się wiele bardzo r&oacute;żnych form pracy i&nbsp;zatrudnienia. Między innymi popularność zyskały outsourcing, co-working, czy praca wykonywana osobiście w formie zdalnej. Wielu przedsiębiorc&oacute;w z uwagi&nbsp; na niższe koszty zatrudnienia decyduje się na zatrudnienie telepracownik&oacute;w. Pod względem organizacyjnym tak wykonywana pracy jest źr&oacute;dłem obop&oacute;lnych korzyści. Przedsiębiorcy jednak mają poważne wątpliwości, jakie przy takim charakterze pracy przysługują im prawa wobec zatrudnionych. Warto szczeg&oacute;łowo to przeanalizować.<br /></span></p>\r\n<p style="text-align: justify;"><br /><span style="font-size: 16px;"><strong>Po pierwsze, kim jest telepracownik?</strong></span></p>\r\n<p style="text-align: justify;"><span style="font-size: 16px;">Najwięcej wątpliwości natury prawnej po stronie przedsiębiorc&oacute;w pojawia się przede wszystkim z&nbsp;uwagi na specyfikę pracy telepracownika oraz spos&oacute;b jej wykonywania. Telepracownik to osoba, kt&oacute;ra zwykle wykonuje swoje obowiązki poza siedzibą firmy. Najczęściej jest ona odpowiedzialna za bezpośredni kontakt z potencjalnymi klientami przedsiębiorstwa. Swoje obowiązki zawodowe taki pracownik świadczy przy wykorzystaniu wszelakiego typu środk&oacute;w komunikacji na odległość, a więc przy użyciu telefonu, Internetu, faksu, czy wideofonu. Za pośrednictwem wyżej wymienionych urządzeń pracownik r&oacute;wnież zwykle komunikuje się ze swoimi bezpośrednimi przełożonymi.</span></p>\r\n<p style="text-align: justify;"><span style="font-size: 16px;"><strong>Obowiązkiem przedsiębiorcy jest dostarczyć sprzęt dla telepracownik&oacute;w, chyba, że strony postanowią inaczej</strong></span></p>\r\n<p style="text-align: justify;"><span style="font-size: 16px;">Sprzęt, kt&oacute;rym posługuje się telepracownik, jest dostarczany mu jako narzędzie pracy przez przedsiębiorcę. Wszelaka r&oacute;wnież naprawa takich urządzeń, wymiana, czy konserwacja pozostaje w gestii przedsiębiorcy zgodnie z treścią art. 67<sup>11</sup> &sect; 1 KP. Takie rozwiązanie należy zaznaczyć, że nie jest obligatoryjne. To oznacza, że strony (pracodawca i telepracownik) mogą oczywiście inaczej ukształtować zasady swojej wsp&oacute;łpracy. Dopuszczalne jest jak najbardziej, by zatrudniony wykonywał swoje obowiązki za pomocą własnych urządzeń komunikacyjnych. Kiedy jednak takie rozwiązanie jest przyjmowane, szczeg&oacute;łowe informacje na ten temat muszą być uwzględnione w&nbsp;umowie. Zasadne jest także ustalenie, w jakiej postaci telepracownik za używanie własnych sprzęt&oacute;w do pracy zawodowej będzie wynagradzany przez przedsiębiorcę.</span></p>\r\n<p style="text-align: justify;"><span style="font-size: 16px;"><strong>Przedsiębiorca może kontrolować telepracownik&oacute;w, ale tylko w określony spos&oacute;b</strong></span></p>\r\n<p style="text-align: justify;"><span style="font-size: 16px;">Obowiązujący Kodeks Pracy dopuszcza przeprowadzanie czynności kontrolnych przez przedsiębiorcę w miejscu, w kt&oacute;rym wykonują działalność zawodową zatrudnieni telepracownicy. Jak pokazuje praktyka zawodowa, sytuacja &nbsp;komplikuje się, gdy telepracownik wykonuje w swoim prywatnym domu, czy mieszkaniu obowiązki zawodowe. Tutaj wielu telepracownik&oacute;w oskarża pracodawc&oacute;w, iż&nbsp;poprzez częste kontrole naruszają ich prywatność, czy uniemożliwiają normalne funkcjonowanie ich wsp&oacute;łlokatorom. Kontrola w domu jest działaniem dopuszczalnym, ale tylko wtedy gdy przedsiębiorca ogranicza swoją aktywność do dw&oacute;ch czynności. Może jedynie wkraczać do domu swojego telepracownika, by zweryfikować sprzęt, kt&oacute;rym ten się posługuje (tzw. inwentaryzacja), czy warunki (aspekty bezpieczeństwa, higieny pracy), w jakich ta osoba świadczy swoją działalność zawodową. Czynności te nie mogą jednak w żadnym wypadku naruszać prywatności telepracownika, czy innych os&oacute;b, kt&oacute;re z nim mieszkają. Ponadto przedsiębiorca nie może ad hoc wkroczyć do domu zatrudnionego. Ten musi zostać o tym zawiadomiony z wyprzedzeniem. Co więcej, zawiadomienie to musi być sporządzone w formie pisemnej. Nic nie stoi wreszcie na przeszkodzie, co wielu dzisiaj przedsiębiorc&oacute;w preferuje, by analizowane czynności kontrolne nie były przeprowadzane przez przedsiębiorcę bezpośrednio. Mogą być bowiem zrealizowane na przykład za pośrednictwem środk&oacute;w komunikacji.</span></p>\r\n<p style="text-align: justify;"><span style="font-size: 16px;"><strong>Przedsiębiorca wykonał kontrolę prawidłowo, a telepracownik oskarża go o naruszenie prywatności &ndash; co wtedy?</strong></span></p>\r\n<p style="text-align: justify;"><span style="font-size: 16px;">Praktyka pokazuje, że przeprowadzenie kontroli w domu pracownika przez przedsiębiorcę, choć jest działaniem dopuszczalnym przez obowiązujący Kodeks Pracy, często stanowi źr&oacute;dło problem&oacute;w. Przede wszystkim, telepracownicy podnoszą, jak bardzo uciążliwe są dla nich wizytacje przedsiębiorc&oacute;w. Ponadto, wskazują na ich niewłaściwy przebieg. Część telepracownik&oacute;w wykorzystuje to do wniesienia pow&oacute;dztw wobec przedsiębiorc&oacute;w, domagając się odszkodowania. Toczące się w związku z tym procesy narażają wielu przedsiębiorc&oacute;w na utratę dobrej reputacji, a w dalszej konsekwencji także na straty materialne. Przedsiębiorcy, kt&oacute;rzy mają poważne wątpliwości, jak kontrolować telepracownik&oacute;w, jak dokumentować takie kontrole na wypadek postępowań sądowych, mogą już teraz skorzystać z e-porad, kt&oacute;re oferują prawnicy Serwisu Jakprawnie.pl. To specjaliści w dziedzinie prawa pracy, posiadający duże doświadczenie w obsłudze przedsiębiorc&oacute;w. Z powodzeniem r&oacute;wnież reprezentują przedsiębiorc&oacute;w w toczących się postępowaniach sądowych. Także wtedy, gdy są wytoczone z&nbsp;inicjatywy kontrolowanych przez nich telepracownik&oacute;w. Na wypadek takich sytuacji, kluczowe jest r&oacute;wnież, aby pracodawca (przedsiębiorca) posiadał możliwie jak najszerszy materiał dowodowy, wskazujący na spos&oacute;b przeprowadzenia czynności kontrolnych. Na wypadek takich zdarzeń w&nbsp;przyszłości istotne jest np. zachowanie przez przedsiębiorc&oacute;w zawiadomień, kt&oacute;re kierowali do telepracownika, czy nawet nagrań z przeprowadzania już właściwej kontroli.</span></p>\r\n<p style="text-align: justify;"><span style="font-size: 16px;">Jak więc widać, zatrudnianie przez przedsiębiorc&oacute;w telepracownik&oacute;w ma szereg zalet, z czego wynika rosnąca popularność tej formy pracy. Problematyczne jest jednak to, jak i kiedy zatrudniający może kontrolować telepracownika w domu. Przede wszystkim, fakt ten musi być odpowiednio wcześniej zgłoszony (poinformowanie telepracownika na piśmie). Należy pamiętać, że kontrola nigdy nie może naruszać sfery prywatności, ani też zaburzać normalnego funkcjonowania wsp&oacute;łlokator&oacute;w. Natomiast wszelakie wątpliwości dotyczącej strony prawnej kontroli przedsiębiorcy mogą szybko skonsultować z fachowcami z Serwisu Jakprawnie.pl. Wszelakie zapytania można kierować cały czas, korzystając z opcji e- porad dostępnej w tym serwisie.</span></p>'),
(267, 58, 'pl', 'meta_title', 'Czy przedsiębiorca może kontrolować swoich telepracowników?'),
(270, 60, 'pl', 'title', 'Dokument test2'),
(271, 60, 'pl', 'meta_title', 'Dokument test2'),
(277, 62, 'pl', 'title', 'Apelacja'),
(278, 62, 'pl', 'meta_title', 'Apelacja'),
(279, 62, 'pl', 'meta_description', ''),
(280, 62, 'pl', 'meta_keywords', ''),
(281, 62, 'pl', 'text', '<p>(łac. appellatio - odwołanie) &ndash; odwołanie się od wydanego wyroku. W prawie procesowym apelacja jest środkiem odwoławczym od wyroku sądu pierwszej instancji do sądu drugiej instancji. <br /><br /> Terminem apelacja określa się też system kontroli odwoławczej odznaczającej się specyficznymi cechami</p>'),
(282, 63, 'pl', 'title', 'Aplikacja'),
(283, 63, 'pl', 'meta_title', 'Aplikacja'),
(284, 63, 'pl', 'meta_description', ''),
(285, 63, 'pl', 'meta_keywords', ''),
(286, 63, 'pl', 'text', '<p>Apelacja przysługuje wyłącznie od wyroku sądu pierwszej instancji. W Polsce od wyrok&oacute;w wydanych w pierwszej instancji przez sąd rejonowy apelacja przysługuje do sądu okręgowego, natomiast jeśli wyrok w pierwszej instancji zapadł przed sądem okręgowym, sądem drugiej instancji jest sąd apelacyjny.</p>'),
(292, 56, 'pl', 'meta_description', ''),
(293, 56, 'pl', 'meta_keywords', ''),
(310, 37, 'pl', 'meta_description', ''),
(311, 37, 'pl', 'meta_keywords', ''),
(312, 58, 'pl', 'meta_description', ''),
(313, 58, 'pl', 'meta_keywords', ''),
(314, 48, 'pl', 'meta_description', ''),
(315, 48, 'pl', 'meta_keywords', ''),
(316, 40, 'pl', 'meta_description', ''),
(317, 40, 'pl', 'meta_keywords', ''),
(318, 43, 'pl', 'meta_description', ''),
(319, 43, 'pl', 'meta_keywords', ''),
(320, 52, 'pl', 'meta_description', ''),
(321, 52, 'pl', 'meta_keywords', ''),
(322, 32, 'pl', 'meta_description', ''),
(323, 32, 'pl', 'meta_keywords', '');

-- --------------------------------------------------------

--
-- Struktura tabeli dla tabeli `publication_type`
--

CREATE TABLE IF NOT EXISTS `publication_type` (
  `id` int(11) NOT NULL,
  `slug` varchar(50) DEFAULT NULL,
  `limit` int(4) DEFAULT NULL,
  `format` enum('list','grid') DEFAULT NULL,
  `display_date` enum('0','1') DEFAULT '0'
) ENGINE=InnoDB AUTO_INCREMENT=5 DEFAULT CHARSET=utf8;

--
-- Zrzut danych tabeli `publication_type`
--

INSERT INTO `publication_type` (`id`, `slug`, `limit`, `format`, `display_date`) VALUES
(2, 'artykuly', 10, 'grid', '1'),
(3, 'dokumenty', 10, 'list', '1'),
(4, 'encyklopedia', -1, 'list', '0');

-- --------------------------------------------------------

--
-- Struktura tabeli dla tabeli `publication_type_translate`
--

CREATE TABLE IF NOT EXISTS `publication_type_translate` (
  `id` int(11) NOT NULL,
  `foreign_id` int(11) NOT NULL,
  `lang` varchar(20) DEFAULT NULL,
  `key` varchar(255) DEFAULT NULL,
  `value` text
) ENGINE=InnoDB AUTO_INCREMENT=97 DEFAULT CHARSET=utf8;

--
-- Zrzut danych tabeli `publication_type_translate`
--

INSERT INTO `publication_type_translate` (`id`, `foreign_id`, `lang`, `key`, `value`) VALUES
(82, 2, 'pl', 'title', 'Artykuły'),
(83, 2, 'pl', 'head_title', 'Artykuły'),
(84, 3, 'pl', 'title', 'Dokumenty'),
(85, 3, 'pl', 'head_title', 'Dokumenty'),
(89, 2, 'pl', 'meta_description', ''),
(90, 2, 'pl', 'meta_keywords', ''),
(91, 2, 'pl', 'seo_text', ''),
(92, 4, 'pl', 'title', 'Encyklopedia'),
(93, 4, 'pl', 'head_title', 'Encyklopedia prawa'),
(94, 4, 'pl', 'meta_description', ''),
(95, 4, 'pl', 'meta_keywords', ''),
(96, 4, 'pl', 'seo_text', '');

-- --------------------------------------------------------

--
-- Struktura tabeli dla tabeli `seo_manager`
--

CREATE TABLE IF NOT EXISTS `seo_manager` (
  `id` int(11) NOT NULL,
  `url` varchar(255) DEFAULT NULL,
  `head_title` varchar(500) DEFAULT NULL,
  `meta_description` varchar(500) DEFAULT NULL,
  `meta_keywords` varchar(500) DEFAULT NULL,
  `seo_text` text,
  `created_at` datetime DEFAULT NULL,
  `updated_at` datetime DEFAULT NULL
) ENGINE=InnoDB AUTO_INCREMENT=3 DEFAULT CHARSET=utf8;

--
-- Zrzut danych tabeli `seo_manager`
--

INSERT INTO `seo_manager` (`id`, `url`, `head_title`, `meta_description`, `meta_keywords`, `seo_text`, `created_at`, `updated_at`) VALUES
(1, '/news', 'Latest News', 'Greate latest and fresh news!', 'news, latest news, fresh news', '<p>Presenting your attention the latest news!</p>', '2014-09-30 10:39:23', '2015-07-02 11:28:57'),
(2, '/contacts.html', 'CMS Contacts', '', '', '', '2015-05-21 16:33:14', '2015-07-02 11:19:40');

-- --------------------------------------------------------

--
-- Struktura tabeli dla tabeli `translate`
--

CREATE TABLE IF NOT EXISTS `translate` (
  `id` int(11) NOT NULL,
  `lang` varchar(20) DEFAULT NULL,
  `phrase` varchar(500) DEFAULT NULL,
  `translation` varchar(500) DEFAULT NULL
) ENGINE=InnoDB AUTO_INCREMENT=100 DEFAULT CHARSET=utf8;

--
-- Zrzut danych tabeli `translate`
--

INSERT INTO `translate` (`id`, `lang`, `phrase`, `translation`) VALUES
(1, 'ru', 'Ошибка валидации формы', 'Ошибка валидации формы'),
(2, 'ru', 'Подробнее', 'Подробнее'),
(3, 'ru', 'Назад к перечню публикаций', 'Назад к перечню публикаций'),
(4, 'ru', 'SITE NAME', 'Yona CMS Русская версия'),
(5, 'ru', 'Главная', 'Главная'),
(6, 'ru', 'Новости', 'Новости'),
(7, 'ru', 'Контакты', 'Контакты'),
(8, 'en', 'Ошибка валидации формы', 'Form validation fails'),
(9, 'en', 'Подробнее', 'Read more'),
(10, 'en', 'Назад к перечню публикаций', 'Back to the publications list'),
(11, 'en', 'SITE NAME', 'Yona CMS'),
(12, 'en', 'Главная', 'Home'),
(13, 'en', 'Новости', 'News'),
(14, 'en', 'Контакты', 'Contacts'),
(15, 'uk', 'Ошибка валидации формы', 'Помилка валідації форми'),
(16, 'uk', 'Подробнее', 'Детальніше'),
(17, 'uk', 'Назад к перечню публикаций', 'Повернутись до переліку публікацій'),
(18, 'uk', 'SITE NAME', 'Yona CMS Українська версія'),
(19, 'uk', 'Главная', 'Головна'),
(20, 'uk', 'Новости', 'Новини'),
(21, 'uk', 'Контакты', 'Контакти'),
(22, 'ru', 'Статьи', 'Статьи'),
(23, 'en', 'Статьи', 'Articles'),
(24, 'uk', 'Статьи', 'Статті'),
(25, 'en', 'Home', 'Home'),
(26, 'en', 'News', 'News'),
(27, 'en', 'Articles', 'Articles'),
(28, 'en', 'Contacts', 'Contacts'),
(29, 'en', 'Admin', 'Admin'),
(30, 'en', 'YonaCms Admin Panel', 'YonaCms Admin Panel'),
(31, 'en', 'Back к перечню публикаций', 'Back to publications list'),
(32, 'en', 'Страница №', 'Page num.'),
(33, 'ru', 'Home', 'Главная'),
(34, 'ru', 'News', 'Новости'),
(35, 'ru', 'Articles', 'Статьи'),
(36, 'ru', 'Contacts', 'Контакты'),
(37, 'ru', 'Admin', 'Админка'),
(38, 'ru', 'YonaCms Admin Panel', 'Административная панель YonaCms'),
(39, 'ru', 'Back к перечню публикаций', 'Назад к перечню публикаций'),
(40, 'ru', 'Страница №', 'Страница №'),
(41, 'uk', 'Home', 'Головна'),
(42, 'uk', 'News', 'Новини'),
(43, 'uk', 'Articles', 'Статті'),
(44, 'uk', 'Contacts', 'Контакти'),
(45, 'uk', 'Admin', 'Адмінка'),
(46, 'uk', 'YonaCms Admin Panel', 'Адміністративна панель YonaCms'),
(47, 'uk', 'Back к перечню публикаций', 'Назад до переліку публікацій'),
(48, 'uk', 'Страница №', 'Сторінка №'),
(49, 'en', 'Полная версия', 'Full version'),
(50, 'en', 'Мобильная версия', 'Mobile version'),
(51, 'en', 'Services', 'Services'),
(52, 'en', 'Printing', 'Printing'),
(53, 'en', 'Design', 'Design'),
(54, 'ru', 'Полная версия', 'Полная версия'),
(55, 'ru', 'Мобильная версия', 'Мобильная версия'),
(56, 'ru', 'Services', 'Services'),
(57, 'ru', 'Printing', 'Printing'),
(58, 'ru', 'Design', 'Design'),
(59, 'uk', 'Полная версия', 'Повна версія'),
(60, 'uk', 'Мобильная версия', 'Мобільна версія'),
(61, 'uk', 'Services', 'Services'),
(62, 'uk', 'Printing', 'Printing'),
(63, 'uk', 'Design', 'Design'),
(64, 'en', 'Latest news', 'Latest news'),
(65, 'ru', 'Latest news', 'Последние новости'),
(66, 'uk', 'Latest news', 'Останні новини'),
(67, 'en', 'Entries not found', 'Entries not found'),
(68, 'en', 'Back to publications list', 'Back to publications list'),
(69, 'uk', 'Entries not found', 'Записів не знайдено'),
(70, 'uk', 'Back to publications list', 'Повернутись до переліку публікацій'),
(71, 'ru', 'Entries not found', 'Записи не найдены'),
(72, 'ru', 'Back to publications list', 'Обратно к перечню публикаций'),
(73, 'pl', 'SITE NAME', 'Porady prawne online, artykuły prawne'),
(74, 'pl', 'Powered by CreativeWDS', 'Powered by CreativeWDS'),
(75, 'pl', 'Home', 'Home'),
(76, 'pl', 'Dom', 'Dom'),
(77, 'pl', 'Contacts', 'Contacts'),
(78, 'pl', 'Biznes', 'Biznes'),
(79, 'pl', 'Dokumenty', 'Dokumenty'),
(80, 'pl', 'Admin', 'Admin'),
(81, 'pl', 'Wystąpił błąd:', 'Wystąpił błąd:'),
(82, 'pl', 'Strona nr ', ''),
(83, 'pl', 'czyt  więcej', 'czytaj więcej'),
(84, 'pl', 'Więcej', 'Więcej'),
(85, 'pl', 'Brak istniejących wpisów', 'Brak istniejących wpisów'),
(86, 'pl', 'Back to publications list', 'Back to publications list'),
(87, 'pl', 'Komentarze', 'Komentarze'),
(88, 'pl', 'Dodaj komentarz', 'Dodaj komentarz'),
(89, 'pl', 'Najnowsze posty', 'Najnowsze posty'),
(90, 'pl', 'Najczęściej wyświetlane posty', 'Najczęściej wyświetlane posty'),
(91, 'pl', 'Zobacz podobne posty', 'Zobacz podobne posty'),
(92, 'pl', 'Powrót', 'Powrót'),
(93, 'pl', 'Najnowsze artykuły', 'Najnowsze artykuły'),
(94, 'pl', 'NASZA OFERTA', 'NASZA OFERTA'),
(95, 'pl', 'SKONTAKTUJ SIĘ', 'SKONTAKTUJ SIĘ'),
(96, 'pl', 'NEWSLETTER', 'NEWSLETTER'),
(97, 'pl', 'Wyrażam zgodę na otrzymywanie informacji drogą elektroniczną', 'Wyrażam zgodę na otrzymywanie informacji drogą elektroniczną'),
(98, 'pl', 'czytaj więcej', 'czytaj więcej'),
(99, 'pl', 'WYRAZAM ZGODE', 'Wyrażam zgodę na otrzymywanie informacji drogą elektroniczną');

-- --------------------------------------------------------

--
-- Struktura tabeli dla tabeli `tree_category`
--

CREATE TABLE IF NOT EXISTS `tree_category` (
  `id` int(11) NOT NULL,
  `root` enum('artykuly','dom','dokumenty') NOT NULL DEFAULT 'artykuly',
  `parent_id` int(11) DEFAULT NULL,
  `slug` varchar(255) DEFAULT NULL,
  `depth` tinyint(2) NOT NULL DEFAULT '0',
  `left_key` int(11) DEFAULT NULL,
  `right_key` int(11) DEFAULT NULL,
  `created_at` datetime DEFAULT NULL,
  `updated_at` datetime DEFAULT NULL
) ENGINE=InnoDB AUTO_INCREMENT=323 DEFAULT CHARSET=utf8;

--
-- Zrzut danych tabeli `tree_category`
--

INSERT INTO `tree_category` (`id`, `root`, `parent_id`, `slug`, `depth`, `left_key`, `right_key`, `created_at`, `updated_at`) VALUES
(35, 'artykuly', 305, 'prawo-pracy-2', 2, 3, 22, '2015-12-14 13:21:26', '2016-01-08 15:22:57'),
(37, 'dokumenty', NULL, 'wzory-pism', 1, 10, 13, '2015-12-14 13:21:45', '2015-12-29 14:41:08'),
(38, 'artykuly', 305, 'prawo-budowlane', 2, 67, 78, '2015-12-14 13:21:56', '2016-01-08 15:23:01'),
(58, 'artykuly', 305, 'handlowe-i-gospodarcze', 2, 23, 38, '2015-12-23 16:17:56', '2016-01-08 15:22:58'),
(60, 'artykuly', 305, 'zamowienia-publiczne', 2, 153, 170, '2015-12-23 16:18:29', '2016-01-08 15:23:06'),
(61, 'artykuly', 305, 'spolki', 2, 39, 66, '2015-12-23 16:18:36', '2016-01-08 15:22:59'),
(62, 'artykuly', 35, 'bhp', 3, 10, 11, '2015-12-23 16:33:06', '2016-01-08 15:22:57'),
(63, 'artykuly', 35, 'zwiazki-zawodowe', 3, 18, 19, '2015-12-23 16:33:25', '2016-01-08 15:22:58'),
(64, 'dokumenty', NULL, 'kategorie', 1, 2, 9, '2015-12-29 14:39:10', '2015-12-29 14:41:07'),
(66, 'dokumenty', NULL, 'wzory-umow', 1, 14, 15, '2015-12-29 14:39:28', '2015-12-29 14:41:08'),
(67, 'dokumenty', NULL, 'formularze', 1, 16, 17, '2015-12-29 14:39:40', '2015-12-29 14:41:08'),
(68, 'dokumenty', 64, 'kategoria-1', 2, 3, 4, '2015-12-29 14:40:19', '2015-12-29 14:41:07'),
(69, 'dokumenty', 64, 'kategoria-2', 2, 5, 6, '2015-12-29 14:40:31', '2015-12-29 14:41:07'),
(70, 'dokumenty', 64, 'kategoria-3', 2, 7, 8, '2015-12-29 14:40:45', '2015-12-29 14:41:08'),
(71, 'dokumenty', 37, 'kategoria-4', 2, 11, 12, '2015-12-29 14:40:58', '2015-12-29 14:41:08'),
(175, 'artykuly', 35, 'urlopy-2', 3, 4, 5, '2016-01-04 09:11:31', '2016-01-08 15:22:57'),
(177, 'artykuly', 35, 'urlopy-rodzicielskie-2', 3, 6, 7, '2016-01-04 09:11:58', '2016-01-08 15:22:57'),
(178, 'artykuly', 35, 'wynagrodzenia-2', 3, 8, 9, '2016-01-04 09:12:14', '2016-01-08 15:22:57'),
(179, 'artykuly', 35, 'czas-pracy-2', 3, 12, 13, '2016-01-04 09:13:13', '2016-01-08 15:22:58'),
(180, 'artykuly', 35, 'umowa-o-prace-2', 3, 14, 15, '2016-01-04 09:13:18', '2016-01-08 15:22:58'),
(181, 'artykuly', 35, 'odpowiedzialnosc-materialna-2', 3, 16, 17, '2016-01-04 09:14:30', '2016-01-08 15:22:58'),
(184, 'artykuly', 35, 'pozosta-e-10', 3, 20, 21, '2016-01-04 09:15:12', '2016-01-08 15:22:58'),
(185, 'artykuly', 58, 'weksle-i-czeki', 3, 24, 25, '2016-01-04 09:21:13', '2016-01-08 15:22:58'),
(186, 'artykuly', 58, 'gwarancje-bankowe-i-ubezpieczeniowe', 3, 26, 27, '2016-01-04 09:21:33', '2016-01-08 15:22:58'),
(187, 'artykuly', 58, 'leasing', 3, 28, 29, '2016-01-04 09:36:52', '2016-01-08 15:22:59'),
(188, 'artykuly', 58, 'zastaw-i-zastaw-rejestrowy', 3, 30, 31, '2016-01-04 09:37:06', '2016-01-08 15:22:59'),
(190, 'artykuly', 58, 'poreczenie-2', 3, 32, 33, '2016-01-04 09:37:21', '2016-01-08 15:22:59'),
(191, 'artykuly', 58, 'dzia-alnosc-gospodarcza', 3, 34, 35, '2016-01-04 09:37:28', '2016-01-08 15:22:59'),
(192, 'artykuly', 58, 'pozosta-e-11', 3, 36, 37, '2016-01-04 09:37:32', '2016-01-08 15:22:59'),
(193, 'artykuly', 61, 'spo-ka-z-oo', 3, 40, 41, '2016-01-04 09:49:03', '2016-01-08 15:22:59'),
(194, 'artykuly', 61, 'spo-ka-cywilna', 3, 42, 43, '2016-01-04 09:49:13', '2016-01-08 15:22:59'),
(195, 'artykuly', 61, 'spo-ka-jawna', 3, 44, 45, '2016-01-04 09:49:19', '2016-01-08 15:23:00'),
(196, 'artykuly', 61, 'spo-ka-komandytowa', 3, 46, 47, '2016-01-04 09:49:24', '2016-01-08 15:23:00'),
(197, 'artykuly', 61, 'spo-ka-partnerska', 3, 48, 49, '2016-01-04 09:49:33', '2016-01-08 15:23:00'),
(198, 'artykuly', 61, 'spo-ka-komandytowoakcyjna', 3, 50, 51, '2016-01-04 09:49:43', '2016-01-08 15:23:00'),
(199, 'artykuly', 61, 'spo-ka-akcyjna', 3, 52, 53, '2016-01-04 09:49:54', '2016-01-08 15:23:00'),
(201, 'artykuly', 61, 'prawa-mniejszosci', 3, 56, 57, '2016-01-04 09:50:20', '2016-01-08 15:23:00'),
(202, 'artykuly', 61, 'zgromadzenie-wspolnikow', 3, 58, 59, '2016-01-04 09:50:32', '2016-01-08 15:23:00'),
(203, 'artykuly', 61, 'rejestracja-spo-ki', 3, 60, 61, '2016-01-04 09:50:37', '2016-01-08 15:23:00'),
(204, 'artykuly', 61, 'krs', 3, 62, 63, '2016-01-04 09:50:42', '2016-01-08 15:23:01'),
(205, 'artykuly', 61, 'pozosta-e-12', 3, 64, 65, '2016-01-04 09:50:47', '2016-01-08 15:23:01'),
(206, 'artykuly', 61, 'podzia--i-przekszta-cenie', 3, 54, 55, '2016-01-04 09:55:28', '2016-01-08 15:23:00'),
(207, 'artykuly', 38, 'pozwolenie-na-budowe-2', 3, 68, 69, '2016-01-04 10:01:31', '2016-01-08 15:23:01'),
(208, 'artykuly', 38, 'zagospodarowanie-przestrzenne-2', 3, 70, 71, '2016-01-04 10:03:20', '2016-01-08 15:23:01'),
(209, 'artykuly', 38, 'zg-oszenie-budowy-2', 3, 72, 73, '2016-01-04 10:03:31', '2016-01-08 15:23:01'),
(210, 'artykuly', 38, 'decyzje-srodowiskowe-2', 3, 74, 75, '2016-01-04 10:03:56', '2016-01-08 15:23:01'),
(211, 'artykuly', 38, 'pozosta-e-13', 3, 76, 77, '2016-01-04 10:04:01', '2016-01-08 15:23:01'),
(212, 'artykuly', 305, 'prawo-administracyjne', 2, 79, 92, '2016-01-04 10:07:50', '2016-01-08 15:23:02'),
(213, 'artykuly', 212, 'koncesje-i-zezwolenia', 3, 80, 81, '2016-01-04 10:08:07', '2016-01-08 15:23:02'),
(214, 'artykuly', 212, 'decyzja-administracyjna', 3, 82, 83, '2016-01-04 10:08:19', '2016-01-08 15:23:02'),
(215, 'artykuly', 212, 'odwo-anie', 3, 84, 85, '2016-01-04 10:08:27', '2016-01-08 15:23:02'),
(216, 'artykuly', 212, 'ochrona-srodowiska', 3, 86, 87, '2016-01-04 10:08:35', '2016-01-08 15:23:02'),
(217, 'artykuly', 212, 'postepowanie-sadowoadministracyjne', 3, 88, 89, '2016-01-04 10:08:55', '2016-01-08 15:23:02'),
(218, 'artykuly', 212, 'pozosta-e-14', 3, 90, 91, '2016-01-04 10:09:02', '2016-01-08 15:23:02'),
(219, 'artykuly', 305, 'prawo-upad-osciowe', 2, 93, 106, '2016-01-04 10:10:03', '2016-01-08 15:23:02'),
(220, 'artykuly', 219, 'og-oszenie-upad-osci', 3, 94, 95, '2016-01-04 10:10:17', '2016-01-08 15:23:02'),
(221, 'artykuly', 219, 'niewyp-acalnosc', 3, 96, 97, '2016-01-04 10:10:26', '2016-01-08 15:23:03'),
(222, 'artykuly', 219, 'upad-osc-likwidacyjna', 3, 98, 99, '2016-01-04 10:10:36', '2016-01-08 15:23:03'),
(223, 'artykuly', 219, 'upad-osc-uk-adowa', 3, 100, 101, '2016-01-04 10:10:45', '2016-01-08 15:23:03'),
(224, 'artykuly', 219, 'zg-oszenie-wierzytelnosci', 3, 102, 103, '2016-01-04 10:10:55', '2016-01-08 15:23:03'),
(225, 'artykuly', 219, 'pozosta-e-15', 3, 104, 105, '2016-01-04 10:11:02', '2016-01-08 15:23:03'),
(226, 'artykuly', 305, 'prawo-cywilne', 2, 107, 152, '2016-01-04 10:11:58', '2016-01-08 15:23:03'),
(228, 'artykuly', 226, 'umowy-2', 3, 108, 109, '2016-01-04 10:12:27', '2016-01-08 15:23:03'),
(229, 'artykuly', 226, 'przedawnienie-2', 3, 110, 111, '2016-01-04 10:12:35', '2016-01-08 15:23:03'),
(230, 'artykuly', 226, 'hipoteka-2', 3, 112, 113, '2016-01-04 10:12:42', '2016-01-08 15:23:04'),
(231, 'artykuly', 226, 'nieruchomosci-2', 3, 114, 115, '2016-01-04 10:12:51', '2016-01-08 15:23:04'),
(232, 'artykuly', 226, 'w-asnosc-i-uzytkowanie-wieczyste-2', 3, 116, 117, '2016-01-04 10:12:59', '2016-01-08 15:23:04'),
(233, 'artykuly', 226, 's-uzebnosc-2', 3, 118, 119, '2016-01-04 10:13:07', '2016-01-08 15:23:04'),
(234, 'artykuly', 226, 'zastaw-2', 3, 120, 121, '2016-01-04 10:13:16', '2016-01-08 15:23:04'),
(235, 'artykuly', 226, 'zadatek-i-zaliczka-2', 3, 122, 123, '2016-01-04 10:13:25', '2016-01-08 15:23:04'),
(236, 'artykuly', 226, 'zasiedzenie-2', 3, 124, 125, '2016-01-04 10:13:34', '2016-01-08 15:23:04'),
(237, 'artykuly', 226, 'odszkodowanie-2', 3, 126, 127, '2016-01-04 10:13:43', '2016-01-08 15:23:04'),
(238, 'artykuly', 226, 'cesja-2', 3, 128, 129, '2016-01-04 10:13:43', '2016-01-08 15:23:05'),
(239, 'artykuly', 226, 'bezpodstawne-wzbogacenie-2', 3, 130, 131, '2016-01-04 10:14:01', '2016-01-08 15:23:05'),
(241, 'artykuly', 226, 'skarga-paulinska-2', 3, 132, 133, '2016-01-04 10:14:30', '2016-01-08 15:23:05'),
(242, 'artykuly', 226, 'sprzedaz-2', 3, 134, 135, '2016-01-04 10:14:40', '2016-01-08 15:23:05'),
(243, 'artykuly', 226, 'dzie-o-2', 3, 136, 137, '2016-01-04 10:14:49', '2016-01-08 15:23:05'),
(244, 'artykuly', 226, 'roboty-budowlane-2', 3, 138, 139, '2016-01-04 10:16:17', '2016-01-08 15:23:05'),
(245, 'artykuly', 226, 'zlecenie-2', 3, 140, 141, '2016-01-04 10:16:27', '2016-01-08 15:23:05'),
(246, 'artykuly', 226, 'najem-i-dzierzawa-2', 3, 142, 143, '2016-01-04 10:16:37', '2016-01-08 15:23:05'),
(247, 'artykuly', 226, 'pozyczka-2', 3, 144, 145, '2016-01-04 10:16:37', '2016-01-08 15:23:05'),
(249, 'artykuly', 226, 'darowizna-2', 3, 148, 149, '2016-01-04 10:16:57', '2016-01-08 15:23:06'),
(250, 'artykuly', 226, 'renta-i-dozywocie-2', 3, 150, 151, '2016-01-04 10:17:08', '2016-01-08 15:23:06'),
(251, 'artykuly', 226, 'poreczenie-3', 3, 146, 147, '2016-01-04 10:17:19', '2016-01-08 15:23:06'),
(252, 'artykuly', 60, 'swiz', 3, 154, 155, '2016-01-04 10:20:59', '2016-01-08 15:23:06'),
(253, 'artykuly', 60, 'oferta', 3, 156, 157, '2016-01-04 10:21:10', '2016-01-08 15:23:06'),
(254, 'artykuly', 60, 'przetarg', 3, 158, 159, '2016-01-04 10:21:22', '2016-01-08 15:23:06'),
(255, 'artykuly', 60, 'wykluczenie-z-przetargu', 3, 160, 161, '2016-01-04 10:21:33', '2016-01-08 15:23:06'),
(256, 'artykuly', 60, 'konkurs', 3, 162, 163, '2016-01-04 10:21:34', '2016-01-08 15:23:07'),
(257, 'artykuly', 60, 'wybor-ofert', 3, 164, 165, '2016-01-04 10:21:56', '2016-01-08 15:23:07'),
(258, 'artykuly', 60, 'odwo-ania', 3, 166, 167, '2016-01-04 10:21:57', '2016-01-08 15:23:07'),
(260, 'artykuly', 60, 'pozosta-e-16', 3, 168, 169, '2016-01-04 10:22:20', '2016-01-08 15:23:07'),
(262, 'artykuly', 305, 'prawo-autorskie-2', 2, 171, 180, '2016-01-04 10:23:26', '2016-01-08 15:23:07'),
(263, 'artykuly', 262, 'autorskie-prawa-majatkowe-2', 3, 172, 173, '2016-01-04 10:24:21', '2016-01-08 15:23:07'),
(264, 'artykuly', 262, 'autorskie-prawa-osobiste-2', 3, 174, 175, '2016-01-04 10:24:34', '2016-01-08 15:23:07'),
(265, 'artykuly', 262, 'odpowiedzialnosc-2', 3, 176, 177, '2016-01-04 10:24:47', '2016-01-08 15:23:07'),
(266, 'artykuly', 262, 'pozosta-e-17', 3, 178, 179, '2016-01-04 10:24:47', '2016-01-08 15:23:07'),
(267, 'artykuly', 305, 'prawo-w-asnosci-przemys-owej', 2, 181, 194, '2016-01-04 10:28:40', '2016-01-08 15:23:08'),
(268, 'artykuly', 267, 'patenty', 3, 182, 183, '2016-01-04 10:29:03', '2016-01-08 15:23:08'),
(269, 'artykuly', 267, 'wynalazki', 3, 184, 185, '2016-01-04 10:29:16', '2016-01-08 15:23:08'),
(270, 'artykuly', 267, 'wzory-uzytkowe', 3, 186, 187, '2016-01-04 10:29:17', '2016-01-08 15:23:08'),
(271, 'artykuly', 267, 'prawo-ochronne', 3, 188, 189, '2016-01-04 10:29:44', '2016-01-08 15:23:08'),
(272, 'artykuly', 267, 'postepowanie-przed-urzedem-patentowym', 3, 190, 191, '2016-01-04 10:29:44', '2016-01-08 15:23:08'),
(273, 'artykuly', 267, 'pozosta-e-18', 3, 192, 193, '2016-01-04 10:30:12', '2016-01-08 15:23:08'),
(275, 'artykuly', 305, 'prawo-karne-2', 2, 195, 218, '2016-01-04 10:32:44', '2016-01-08 15:23:08'),
(276, 'artykuly', 275, 'przestepstwo-2', 3, 196, 197, '2016-01-04 10:37:12', '2016-01-08 15:23:09'),
(277, 'artykuly', 275, 'apelacja-2', 3, 200, 201, '2016-01-04 10:37:27', '2016-01-08 15:23:09'),
(278, 'artykuly', 275, 'wykroczenia-2', 3, 198, 199, '2016-01-04 10:37:27', '2016-01-08 15:23:09'),
(279, 'artykuly', 275, 'prawo-drogowe-2', 3, 206, 207, '2016-01-04 10:37:56', '2016-01-08 15:23:09'),
(280, 'artykuly', 275, 'mandat-2', 3, 204, 205, '2016-01-04 10:37:57', '2016-01-08 15:23:09'),
(281, 'artykuly', 275, 'przeszukanie-2', 3, 210, 211, '2016-01-04 10:37:57', '2016-01-08 15:23:09'),
(282, 'artykuly', 275, 'wyrok-2', 3, 202, 203, '2016-01-04 10:37:57', '2016-01-08 15:23:09'),
(283, 'artykuly', 275, 'zatrzymanie-2', 3, 208, 209, '2016-01-04 10:37:57', '2016-01-08 15:23:09'),
(285, 'artykuly', 275, 'oskarzony-2', 3, 214, 215, '2016-01-04 10:38:42', '2016-01-08 15:23:10'),
(286, 'artykuly', 275, 'podejrzany-2', 3, 212, 213, '2016-01-04 10:38:58', '2016-01-08 15:23:09'),
(287, 'artykuly', 275, 'pozosta-e-19', 3, 216, 217, '2016-01-04 10:39:53', '2016-01-08 15:23:10'),
(288, 'artykuly', 305, 'ochrona-danych-osobowych', 2, 219, 228, '2016-01-04 10:44:07', '2016-01-08 15:23:10'),
(289, 'artykuly', 288, 'zgoda-na-przetwarzanie', 3, 220, 221, '2016-01-04 10:45:14', '2016-01-08 15:23:10'),
(290, 'artykuly', 288, 'rejestracja-zbiorow', 3, 222, 223, '2016-01-04 10:45:35', '2016-01-08 15:23:10'),
(291, 'artykuly', 288, 'administrator-danych', 3, 224, 225, '2016-01-04 10:45:52', '2016-01-08 15:23:10'),
(292, 'artykuly', 288, 'pozosta-e-20', 3, 226, 227, '2016-01-04 10:46:09', '2016-01-08 15:23:10'),
(294, 'artykuly', 305, 'ubezpieczenia-2', 2, 229, 250, '2016-01-04 10:48:13', '2016-01-08 15:23:10'),
(295, 'artykuly', 294, 'ubezpieczenia-spo-eczne-2', 3, 230, 231, '2016-01-04 10:48:55', '2016-01-08 15:23:11'),
(296, 'artykuly', 294, 'emerytury-2', 3, 232, 233, '2016-01-04 10:49:11', '2016-01-08 15:23:11'),
(297, 'artykuly', 294, 'renty-2', 3, 234, 235, '2016-01-04 10:49:12', '2016-01-08 15:23:11'),
(298, 'artykuly', 294, 'zasi-ki-2', 3, 236, 237, '2016-01-04 10:49:12', '2016-01-08 15:23:11'),
(299, 'artykuly', 294, 'krus-2', 3, 242, 243, '2016-01-04 10:50:01', '2016-01-08 15:23:11'),
(300, 'artykuly', 294, 'zus-2', 3, 240, 241, '2016-01-04 10:50:02', '2016-01-08 15:23:11'),
(301, 'artykuly', 294, 'sk-adki-2', 3, 238, 239, '2016-01-04 10:50:02', '2016-01-08 15:23:11'),
(302, 'artykuly', 294, 'ubezpieczenia-majatkowe-2', 3, 244, 245, '2016-01-04 10:50:52', '2016-01-08 15:23:11'),
(303, 'artykuly', 294, 'ubezpieczenia-osobowe-2', 3, 246, 247, '2016-01-04 10:50:52', '2016-01-08 15:23:11'),
(304, 'artykuly', 294, 'pozosta-e-21', 3, 248, 249, '2016-01-04 10:50:52', '2016-01-08 15:23:12'),
(305, 'artykuly', NULL, 'biznes', 1, 2, 251, '2016-01-08 09:08:20', '2016-01-08 15:22:57'),
(306, 'artykuly', NULL, 'dom', 1, 252, 275, '2016-01-08 13:16:28', '2016-01-08 15:23:12'),
(312, 'artykuly', 306, 'prawo-rodzinne', 2, 253, 254, '2016-01-08 15:18:54', '2016-01-08 15:23:12'),
(313, 'artykuly', 306, 'prawo-pracy', 2, 255, 256, '2016-01-08 15:19:10', '2016-01-08 15:23:12'),
(314, 'artykuly', 306, 'konsumenci', 2, 257, 258, '2016-01-08 15:19:30', '2016-01-08 15:23:12'),
(315, 'artykuly', 306, 'spadki', 2, 259, 260, '2016-01-08 15:19:46', '2016-01-08 15:23:12'),
(316, 'artykuly', 306, 'cywilne', 2, 261, 262, '2016-01-08 15:20:01', '2016-01-08 15:23:12'),
(317, 'artykuly', 306, 'karne', 2, 263, 264, '2016-01-08 15:20:18', '2016-01-08 15:23:12'),
(318, 'artykuly', 306, 'budowlane', 2, 265, 266, '2016-01-08 15:20:37', '2016-01-08 15:23:13'),
(319, 'artykuly', 306, 'mieszkaniowe', 2, 267, 268, '2016-01-08 15:21:49', '2016-01-08 15:23:13'),
(320, 'artykuly', 306, 'ubezpieczenia', 2, 269, 270, '2016-01-08 15:22:05', '2016-01-08 15:23:21'),
(321, 'artykuly', 306, 'administracyjne', 2, 271, 272, '2016-01-08 15:22:22', '2016-01-08 15:23:13'),
(322, 'artykuly', 306, 'prawo-autorskie', 2, 273, 274, '2016-01-08 15:22:39', '2016-01-08 15:23:13');

-- --------------------------------------------------------

--
-- Struktura tabeli dla tabeli `tree_category_translate`
--

CREATE TABLE IF NOT EXISTS `tree_category_translate` (
  `id` int(11) NOT NULL,
  `foreign_id` int(11) NOT NULL,
  `lang` varchar(20) DEFAULT NULL,
  `key` varchar(255) DEFAULT NULL,
  `value` text
) ENGINE=InnoDB AUTO_INCREMENT=322 DEFAULT CHARSET=utf8;

--
-- Zrzut danych tabeli `tree_category_translate`
--

INSERT INTO `tree_category_translate` (`id`, `foreign_id`, `lang`, `key`, `value`) VALUES
(42, 35, 'pl', 'title', 'Prawo pracy'),
(44, 37, 'pl', 'title', 'Wzory pism'),
(45, 38, 'pl', 'title', 'Prawo budowlane'),
(57, 58, 'pl', 'title', 'Handlowe i gospodarcze'),
(59, 60, 'pl', 'title', 'Zamówienia publiczne'),
(60, 61, 'pl', 'title', 'Spółki'),
(61, 62, 'pl', 'title', 'BHP'),
(62, 63, 'pl', 'title', 'Związki zawodowe'),
(63, 64, 'pl', 'title', 'Kategorie'),
(65, 66, 'pl', 'title', 'Wzory umów'),
(66, 67, 'pl', 'title', 'Formularze'),
(67, 68, 'pl', 'title', 'Kategoria 1'),
(68, 69, 'pl', 'title', 'Kategoria 2'),
(69, 70, 'pl', 'title', 'Kategoria 3'),
(70, 71, 'pl', 'title', 'Kategoria 4'),
(174, 175, 'pl', 'title', 'Urlopy'),
(176, 177, 'pl', 'title', 'Urlopy rodzicielskie'),
(177, 178, 'pl', 'title', 'Wynagrodzenia'),
(178, 179, 'pl', 'title', 'Czas pracy'),
(179, 180, 'pl', 'title', 'Umowa o pracę'),
(180, 181, 'pl', 'title', 'Odpowiedzialność materialna'),
(183, 184, 'pl', 'title', 'Pozostałe'),
(184, 185, 'pl', 'title', 'Weksle i czeki'),
(185, 186, 'pl', 'title', 'Gwarancje bankowe i ubezpieczeniowe'),
(186, 187, 'pl', 'title', 'Leasing'),
(187, 188, 'pl', 'title', 'Zastaw i zastaw rejestrowy'),
(189, 190, 'pl', 'title', 'Poręczenie'),
(190, 191, 'pl', 'title', 'Działalność gospodarcza'),
(191, 192, 'pl', 'title', 'Pozostałe'),
(192, 193, 'pl', 'title', 'Społka z o.o.'),
(193, 194, 'pl', 'title', 'Społka cywilna'),
(194, 195, 'pl', 'title', 'Społka jawna'),
(195, 196, 'pl', 'title', 'Społka komandytowa'),
(196, 197, 'pl', 'title', 'Społka partnerska'),
(197, 198, 'pl', 'title', 'Społka komandytowo-akcyjna'),
(198, 199, 'pl', 'title', 'Społka akcyjna'),
(200, 201, 'pl', 'title', 'Prawa mniejszości'),
(201, 202, 'pl', 'title', 'Zgromadzenie wspólników'),
(202, 203, 'pl', 'title', 'Rejestracja spółki'),
(203, 204, 'pl', 'title', 'KRS'),
(204, 205, 'pl', 'title', 'Pozostałe'),
(205, 206, 'pl', 'title', 'Podział i przekształcenie'),
(206, 207, 'pl', 'title', 'Pozwolenie na budowe'),
(207, 208, 'pl', 'title', 'Zagospodarowanie przestrzenne'),
(208, 209, 'pl', 'title', 'Zgłoszenie budowy'),
(209, 210, 'pl', 'title', 'Decyzje środowiskowe'),
(210, 211, 'pl', 'title', 'Pozostałe'),
(211, 212, 'pl', 'title', 'Prawo administracyjne'),
(212, 213, 'pl', 'title', 'Koncesje i zezwolenia'),
(213, 214, 'pl', 'title', 'Decyzja administracyjna'),
(214, 215, 'pl', 'title', 'Odwołanie'),
(215, 216, 'pl', 'title', 'Ochrona środowiska'),
(216, 217, 'pl', 'title', 'Postępowanie sądowo-administracyjne'),
(217, 218, 'pl', 'title', 'Pozostałe'),
(218, 219, 'pl', 'title', 'Prawo upadłościowe'),
(219, 220, 'pl', 'title', 'Ogłoszenie upadłości'),
(220, 221, 'pl', 'title', 'Niewypłacalność'),
(221, 222, 'pl', 'title', 'Upadłość likwidacyjna'),
(222, 223, 'pl', 'title', 'Upadłość układowa'),
(223, 224, 'pl', 'title', 'Zgłoszenie wierzytelności'),
(224, 225, 'pl', 'title', 'Pozostałe'),
(225, 226, 'pl', 'title', 'Prawo cywilne'),
(227, 228, 'pl', 'title', 'Umowy'),
(228, 229, 'pl', 'title', 'Przedawnienie'),
(229, 230, 'pl', 'title', 'Hipoteka'),
(230, 231, 'pl', 'title', 'Nieruchomości'),
(231, 232, 'pl', 'title', 'Własność i użytkowanie wieczyste'),
(232, 233, 'pl', 'title', 'Służebność'),
(233, 234, 'pl', 'title', 'Zastaw'),
(234, 235, 'pl', 'title', 'Zadatek i zaliczka'),
(235, 236, 'pl', 'title', 'Zasiedzenie'),
(236, 237, 'pl', 'title', 'Odszkodowanie'),
(237, 238, 'pl', 'title', 'Cesja'),
(238, 239, 'pl', 'title', 'Bezpodstawne wzbogacenie'),
(240, 241, 'pl', 'title', 'Skarga paulińska'),
(241, 242, 'pl', 'title', 'Sprzedaż'),
(242, 243, 'pl', 'title', 'Dzieło'),
(243, 244, 'pl', 'title', 'Roboty budowlane'),
(244, 245, 'pl', 'title', 'Zlecenie'),
(245, 246, 'pl', 'title', 'Najem i dzierżawa'),
(246, 247, 'pl', 'title', 'Pożyczka'),
(248, 249, 'pl', 'title', 'Darowizna'),
(249, 250, 'pl', 'title', 'Renta i dożywocie'),
(250, 251, 'pl', 'title', 'Poręczenie'),
(251, 252, 'pl', 'title', 'SWIZ'),
(252, 253, 'pl', 'title', 'Oferta'),
(253, 254, 'pl', 'title', 'Przetarg'),
(254, 255, 'pl', 'title', 'Wykluczenie z przetargu'),
(255, 256, 'pl', 'title', 'Konkurs'),
(256, 257, 'pl', 'title', 'Wybór ofert'),
(257, 258, 'pl', 'title', 'Odwołania'),
(259, 260, 'pl', 'title', 'Pozostałe'),
(261, 262, 'pl', 'title', 'Prawo autorskie'),
(262, 263, 'pl', 'title', 'Autorskie prawa majątkowe'),
(263, 264, 'pl', 'title', 'Autorskie prawa osobiste'),
(264, 265, 'pl', 'title', 'Odpowiedzialność'),
(265, 266, 'pl', 'title', 'Pozostałe'),
(266, 267, 'pl', 'title', 'Prawo własności przemysłowej'),
(267, 268, 'pl', 'title', 'Patenty'),
(268, 269, 'pl', 'title', 'Wynalazki'),
(269, 270, 'pl', 'title', 'Wzory użytkowe'),
(270, 271, 'pl', 'title', 'Prawo ochronne'),
(271, 272, 'pl', 'title', 'Postępowanie przed urzędem patentowym'),
(272, 273, 'pl', 'title', 'Pozostałe'),
(274, 275, 'pl', 'title', 'Prawo karne'),
(275, 276, 'pl', 'title', 'Przestępstwo'),
(276, 277, 'pl', 'title', 'Apelacja'),
(277, 278, 'pl', 'title', 'Wykroczenia'),
(278, 279, 'pl', 'title', 'Prawo drogowe'),
(279, 280, 'pl', 'title', 'Mandat'),
(280, 281, 'pl', 'title', 'Przeszukanie'),
(281, 282, 'pl', 'title', 'Wyrok'),
(282, 283, 'pl', 'title', 'Zatrzymanie'),
(284, 285, 'pl', 'title', 'Oskarżony'),
(285, 286, 'pl', 'title', 'Podejrzany'),
(286, 287, 'pl', 'title', 'Pozostałe'),
(287, 288, 'pl', 'title', 'Ochrona danych osobowych'),
(288, 289, 'pl', 'title', 'Zgoda na przetwarzanie'),
(289, 290, 'pl', 'title', 'Rejestracja zbiorów'),
(290, 291, 'pl', 'title', 'Administrator danych'),
(291, 292, 'pl', 'title', 'Pozostałe'),
(293, 294, 'pl', 'title', 'Ubezpieczenia'),
(294, 295, 'pl', 'title', 'Ubezpieczenia społeczne'),
(295, 296, 'pl', 'title', 'Emerytury'),
(296, 297, 'pl', 'title', 'Renty'),
(297, 298, 'pl', 'title', 'Zasiłki'),
(298, 299, 'pl', 'title', 'KRUS'),
(299, 300, 'pl', 'title', 'ZUS'),
(300, 301, 'pl', 'title', 'Składki'),
(301, 302, 'pl', 'title', 'Ubezpieczenia majątkowe'),
(302, 303, 'pl', 'title', 'Ubezpieczenia osobowe'),
(303, 304, 'pl', 'title', 'Pozostałe'),
(304, 305, 'pl', 'title', 'Prawo dla firm'),
(305, 306, 'pl', 'title', 'Prawo dla każdego'),
(311, 312, 'pl', 'title', 'Prawo rodzinne'),
(312, 313, 'pl', 'title', 'Prawo pracy'),
(313, 314, 'pl', 'title', 'Konsumenci'),
(314, 315, 'pl', 'title', 'Spadki'),
(315, 316, 'pl', 'title', 'Cywilne'),
(316, 317, 'pl', 'title', 'Karne'),
(317, 318, 'pl', 'title', 'Budowlane'),
(318, 319, 'pl', 'title', 'Mieszkaniowe'),
(319, 320, 'pl', 'title', 'Ubezpieczenia'),
(320, 321, 'pl', 'title', 'Administracyjne'),
(321, 322, 'pl', 'title', 'Prawo autorskie');

-- --------------------------------------------------------

--
-- Struktura tabeli dla tabeli `widget`
--

CREATE TABLE IF NOT EXISTS `widget` (
  `id` varchar(255) NOT NULL,
  `title` varchar(255) DEFAULT NULL,
  `html` text
) ENGINE=InnoDB DEFAULT CHARSET=utf8;

--
-- Zrzut danych tabeli `widget`
--

INSERT INTO `widget` (`id`, `title`, `html`) VALUES
('ads-box-1', 'Ads box 1', '  <div id="ads-box-1"><h3>Miejsce na reklamę</h3></div>'),
('contact-info-box', 'Dane kontaktowe ze strony kontakt', '                <div id="contact-info-box" class="contact-data">\r\n\r\n                    <h3>Serwis <strong>jakprawnie.pl</strong> jest stworzony i prowadzony przez:</h3>\r\n                    <h3><span> </span>Grupa Konsensus sp. z o.o.</h3>\r\n                    <h3><span><i class="fa fa-map-marker"></i></span>ul. Słowackiego 4/4, 32-500 <strong>Chrzanów</strong></h3>\r\n                    <h3><span><i class="fa fa-phone"></i></span>T: + 48 502 635 446</h3>\r\n                    <h3><span> </span>FAX: + 48 502 635 446</h3>\r\n                    <h3><span> </span>e-mail: <a href="mailto:kancelaria@jakprawnie.pl">kancelaria@jakprawnie.pl</a></h3>\r\n\r\n                </div> '),
('footer-info-box', 'Lewy box w stopce', '           <p class="portal-info">\r\n               Portal <a href="http://jakprawnie.pl">jakprawnie.pl</a> jest własnością spółki\r\nGrupa Konsensus sp. z o.o. zarejestrowanej w Sądzie Rejonowym dla Krakowa-Śródmieścia w Krakowie\r\nXII Wydział Gospodarczy KRS pod numerem 000050634<br>\r\nKapitał zakładowy: 20.000,00 zł<br>\r\nnr NIP: 628-226-07-02<br>\r\n            </p>\r\n\r\n            <div class="social">\r\n\r\n                <a href="https://www.facebook.com/jakprawnie"><i class="fa fa-facebook"></i></a>\r\n                <a href="https://twitter.com/jakprawnie"><i class="fa fa-twitter"></i></a>\r\n               <!-- <a href="#"><i class="fa fa-google-plus"></i></a>-->\r\n                <a href="http://jakprawnie.pl/rss/news.rss"><i class="fa fa-rss"></i></a>\r\n\r\n            </div>'),
('newsletter-box', 'Zapisz się do newslettera', '        <div id="newsletter-box">\r\n            <!-- Swiper -->\r\n            <div class="swiper-container">\r\n                <div class="swiper-wrapper">\r\n                    <div class="swiper-slide"><img class="img-responsive" src="/assets/img/newsletter1.png" alt=""></div>\r\n                    <div class="swiper-slide"><img class="img-responsive" src="/assets/img/newsletter1.png" alt=""></div>\r\n                    <div class="swiper-slide"><img class="img-responsive" src="/assets/img/newsletter1.png" alt=""></div>\r\n                </div>\r\n                <!-- Add Pagination -->\r\n                <div class="swiper-pagination"></div>\r\n            </div>\r\n\r\n\r\n            <div class="newsletter-form">\r\n                <form action="/newsletter.html" method="post" id="formnewsletter">\r\n                      <div class="form-group">\r\n                    <input id="formnewsletter-email" name="email" type="email" required placeholder="Zapisz się do newslettera" value="">\r\n                    <a href=""  id="submitnewsletter"><i style="cursor: pointer"class="fa fa-envelope-o"></i></a>\r\n                    </div>\r\n                    \r\n\r\n                <div class="form-group">\r\n\r\n                    <input type="checkbox" name="newsletter-zgoda" required>\r\n                    <label>Wyrażam zgodę na otrzymywanie informacji drogą elektroniczną</label>\r\n\r\n                </div>\r\n                  \r\n                    <input id="wyslij-newsletter" type="submit" style="display: none">\r\n                </form>\r\n            </div>\r\n\r\n        </div>'),
('offer-box', 'Offer box - sidebar', '        <div class="offer-box">\r\n\r\n            <a class="info" href="/wycena.html">\r\n\r\n                <div>\r\n\r\n                    Chcesz dowiedzieć się więcej?<br>\r\n                    Napisz!\r\n\r\n                    <img src="/assets/img/offer-box-info.png" alt="">\r\n\r\n                </div>\r\n\r\n            </a>\r\n\r\n            <a class="pismo" href="/wycena.html">\r\n\r\n                <div>\r\n\r\n                    Potrzebujesz pisma?<br>\r\n                    napiszemy je dla ciebie!\r\n\r\n                    <img src="/assets/img/offer-box-pismo.png" alt="">\r\n\r\n                </div>\r\n\r\n            </a>\r\n\r\n            <a class="pelnomocnik" href="/wycena.html">\r\n\r\n                <div>\r\n\r\n                    Szukasz pełnomocnika?<br>\r\n                    służymy pomocą!\r\n\r\n                    <img src="/assets/img/offer-box-pelnomocnik.png" alt="">\r\n\r\n                </div>\r\n\r\n            </a>\r\n\r\n        </div>'),
('our-team-box', 'Nasz zespół - strona główna', '    <div id="our-team-box">\r\n        <h2 class="col-lg-12 noleft"><span class="bold">Nasz</span> zespół</h2>\r\n        <div class="col-lg-12 entry-items">\r\n            <div class="swiper-container">\r\n                <div class="swiper-wrapper">\r\n                    <div class="swiper-slide">                       \r\n                        <div class="entry-item">\r\n                            <div class="entry-person person-1">\r\n\r\n                            </div>\r\n                            <div class="entry-caption">\r\n                                <h3>Jan Kowalski</h3>\r\n                                <div class="entry-info">Adwokat<br>specjalność: prawo karne</div>\r\n                                <div class="entry-subinfo">\r\n                                    <p>Morbi a mi quis felis luctus rhoncus. Fusce\r\n                                        euismod dignissim diam, ut faucibus\r\n                                        <a class="read-more" href="#">czyt. więcej»</a></p>\r\n                                    <a class="zadaj-pytanie" href="#">Zadaj pytanie</a><p></p>\r\n                                </div>\r\n                            </div>\r\n\r\n                        </div>\r\n                    </div>\r\n                    <div class="swiper-slide">\r\n                        <div class="entry-item">\r\n                            <div class="entry-person person-2">\r\n\r\n                            </div>\r\n                            <div class="entry-caption">\r\n                                <h3>Agata Nowak</h3>\r\n                                <div class="entry-info">Adwokat<br>specjalność: prawo autorskie</div>\r\n                                <div class="entry-subinfo">\r\n                                    <p>Morbi a mi quis felis luctus rhoncus. Fusce\r\n                                        euismod dignissim diam, ut faucibus\r\n                                        <a class="read-more" href="#">czyt. więcej»</a></p>\r\n                                    <a class="zadaj-pytanie" href="#">Zadaj pytanie</a><p></p>\r\n                                </div>\r\n                            </div>                            \r\n                        </div>                \r\n                    </div>\r\n                    <div class="swiper-slide">\r\n\r\n                        <div class="entry-item">\r\n                            <div class="entry-person person-3">\r\n\r\n                            </div>  \r\n                            <div class="entry-caption">\r\n                                <h3>Joanna Nowak</h3>\r\n                                <div class="entry-info">Adwokat<br>specjalność: prawo karne</div>\r\n                                <div class="entry-subinfo">\r\n                                    <p>Morbi a mi quis felis luctus rhoncus. Fusce\r\n                                        euismod dignissim diam, ut faucibus \r\n                                        <a class="read-more" href="#">czyt. więcej»</a></p>\r\n                                    <a class="zadaj-pytanie" href="#">Zadaj pytanie</a><p></p>\r\n                                </div>\r\n                            </div>\r\n                        </div>                \r\n                    </div>\r\n                    <div class="swiper-slide">\r\n                        <div class="entry-item">\r\n                            <div class="entry-person person-1">\r\n\r\n                            </div>\r\n                            <div class="entry-caption">\r\n                                <h3>Jan Kowalski 2</h3>\r\n                                <div class="entry-info">Adwokat<br>specjalność: prawo karne</div>\r\n                                <div class="entry-subinfo">\r\n                                    <p>Morbi a mi quis felis luctus rhoncus. Fusce\r\n                                        euismod dignissim diam, ut faucibus\r\n                                        <a class="read-more" href="#">czyt. więcej»</a></p>\r\n                                    <a class="zadaj-pytanie" href="#">Zadaj pytanie</a><p></p>\r\n                                </div>\r\n                            </div>\r\n\r\n                        </div>                                    \r\n                    </div>\r\n                    <div class="swiper-slide">\r\n                        <div class="entry-item">\r\n                            <div class="entry-person person-1">\r\n\r\n                            </div>\r\n                            <div class="entry-caption">\r\n                                <h3>Jan Kowalski 3</h3>\r\n                                <div class="entry-info">Adwokat<br>specjalność: prawo karne</div>\r\n                                <div class="entry-subinfo">\r\n                                    <p>Morbi a mi quis felis luctus rhoncus. Fusce\r\n                                        euismod dignissim diam, ut faucibus\r\n                                        <a class="read-more" href="#">czyt. więcej»</a></p>\r\n                                    <a class="zadaj-pytanie" href="#">Zadaj pytanie</a><p></p>\r\n                                </div>\r\n                            </div>\r\n\r\n                        </div>                                    \r\n                    </div>\r\n                </div>\r\n                <!-- Add Arrows -->\r\n                <div class="swiper-button-next fa fa-caret-right"></div>\r\n                <div class="swiper-button-prev fa fa-caret-left"></div>\r\n            </div>                        \r\n\r\n\r\n        </div>\r\n    </div>'),
('zobacz-jakie-to-proste', 'Zobacz jakie to proste - strona główna', '    <a href="/wycena.html" title="Zobacz jakie to proste"><div class="col-lg-12 col-md-12 main-page-top-info">\r\n\r\n        <div class="col-md-12 box-1">\r\n\r\n            <h2>ZOBACZ JAKIE TO PROSTE</h2>\r\n\r\n            <div class="line"></div>\r\n\r\n        </div>\r\n\r\n        <div class="col-md-12 box-2">\r\n\r\n            <div class="col-lg-3 col-md-3">\r\n\r\n                <img src="/assets/img/wypelniasz-formularz.png" alt="">\r\n                <p>Wypełniasz formularz</p>\r\n\r\n            </div>\r\n\r\n            <div class="col-lg-3 col-md-3">\r\n\r\n                <img src="/assets/img/czekasz-na-wycene.png" alt="">\r\n                <p>Bezpłatnie wyceniamy</p>\r\n\r\n            </div>\r\n\r\n            <div class="col-lg-3 col-md-3">\r\n\r\n                <img src="/assets/img/otrzymujesz-wycene.png" alt="">\r\n                <p>Otrzymujesz poradę</p>\r\n\r\n            </div>\r\n\r\n        </div>\r\n\r\n        </div></a>');

--
-- Indeksy dla zrzutów tabel
--

--
-- Indexes for table `actions`
--
ALTER TABLE `actions`
  ADD PRIMARY KEY (`id`);

--
-- Indexes for table `adin_user_permissions`
--
ALTER TABLE `adin_user_permissions`
  ADD KEY `action_id` (`action_id`,`module_id`),
  ADD KEY `user_id` (`user_id`,`role_id`);

--
-- Indexes for table `admin_user`
--
ALTER TABLE `admin_user`
  ADD PRIMARY KEY (`id`),
  ADD UNIQUE KEY `email` (`email`),
  ADD UNIQUE KEY `login` (`login`),
  ADD KEY `foreign_key` (`role_id`);

--
-- Indexes for table `cms_configuration`
--
ALTER TABLE `cms_configuration`
  ADD PRIMARY KEY (`key`);

--
-- Indexes for table `cms_javascript`
--
ALTER TABLE `cms_javascript`
  ADD PRIMARY KEY (`id`);

--
-- Indexes for table `comment`
--
ALTER TABLE `comment`
  ADD PRIMARY KEY (`id`),
  ADD KEY `foreign_key` (`foreign_key`);

--
-- Indexes for table `language`
--
ALTER TABLE `language`
  ADD PRIMARY KEY (`id`),
  ADD UNIQUE KEY `iso` (`iso`);

--
-- Indexes for table `menu`
--
ALTER TABLE `menu`
  ADD PRIMARY KEY (`id`),
  ADD UNIQUE KEY `slug` (`work_title`),
  ADD KEY `parent_id` (`parent_id`);

--
-- Indexes for table `menu_translate`
--
ALTER TABLE `menu_translate`
  ADD PRIMARY KEY (`id`),
  ADD KEY `foreign_id` (`foreign_id`);

--
-- Indexes for table `modules`
--
ALTER TABLE `modules`
  ADD PRIMARY KEY (`id`);

--
-- Indexes for table `options`
--
ALTER TABLE `options`
  ADD PRIMARY KEY (`id`);

--
-- Indexes for table `page`
--
ALTER TABLE `page`
  ADD PRIMARY KEY (`id`),
  ADD UNIQUE KEY `slug` (`slug`);

--
-- Indexes for table `page_translate`
--
ALTER TABLE `page_translate`
  ADD PRIMARY KEY (`id`),
  ADD KEY `foreign_id` (`foreign_id`),
  ADD KEY `lang` (`lang`);

--
-- Indexes for table `publication`
--
ALTER TABLE `publication`
  ADD PRIMARY KEY (`id`),
  ADD UNIQUE KEY `slug` (`slug`),
  ADD KEY `type_id` (`type_id`),
  ADD KEY `category_id` (`category_id`);

--
-- Indexes for table `publication_attachments`
--
ALTER TABLE `publication_attachments`
  ADD PRIMARY KEY (`id`),
  ADD KEY `publication_id` (`publication_id`);

--
-- Indexes for table `publication_categories`
--
ALTER TABLE `publication_categories`
  ADD PRIMARY KEY (`id`),
  ADD KEY `publication_id` (`publication_id`),
  ADD KEY `category_id` (`category_id`);

--
-- Indexes for table `publication_translate`
--
ALTER TABLE `publication_translate`
  ADD PRIMARY KEY (`id`),
  ADD KEY `foreign_id` (`foreign_id`),
  ADD KEY `lang` (`lang`),
  ADD FULLTEXT KEY `value` (`value`);

--
-- Indexes for table `publication_type`
--
ALTER TABLE `publication_type`
  ADD PRIMARY KEY (`id`),
  ADD UNIQUE KEY `slug` (`slug`);

--
-- Indexes for table `publication_type_translate`
--
ALTER TABLE `publication_type_translate`
  ADD PRIMARY KEY (`id`),
  ADD KEY `foreign_id` (`foreign_id`),
  ADD KEY `lang` (`lang`);

--
-- Indexes for table `seo_manager`
--
ALTER TABLE `seo_manager`
  ADD PRIMARY KEY (`id`),
  ADD UNIQUE KEY `url` (`url`);

--
-- Indexes for table `translate`
--
ALTER TABLE `translate`
  ADD PRIMARY KEY (`id`),
  ADD KEY `lang` (`lang`);

--
-- Indexes for table `tree_category`
--
ALTER TABLE `tree_category`
  ADD PRIMARY KEY (`id`),
  ADD UNIQUE KEY `slug` (`slug`),
  ADD KEY `parent_id` (`parent_id`);

--
-- Indexes for table `tree_category_translate`
--
ALTER TABLE `tree_category_translate`
  ADD PRIMARY KEY (`id`),
  ADD KEY `foreign_id` (`foreign_id`),
  ADD KEY `lang` (`lang`);

--
-- Indexes for table `widget`
--
ALTER TABLE `widget`
  ADD PRIMARY KEY (`id`);

--
-- AUTO_INCREMENT for dumped tables
--

--
-- AUTO_INCREMENT dla tabeli `actions`
--
ALTER TABLE `actions`
  MODIFY `id` int(11) NOT NULL AUTO_INCREMENT,AUTO_INCREMENT=5;
--
-- AUTO_INCREMENT dla tabeli `admin_user`
--
ALTER TABLE `admin_user`
  MODIFY `id` int(11) NOT NULL AUTO_INCREMENT,AUTO_INCREMENT=5;
--
-- AUTO_INCREMENT dla tabeli `comment`
--
ALTER TABLE `comment`
  MODIFY `id` int(11) NOT NULL AUTO_INCREMENT;
--
-- AUTO_INCREMENT dla tabeli `language`
--
ALTER TABLE `language`
  MODIFY `id` int(11) NOT NULL AUTO_INCREMENT,AUTO_INCREMENT=5;
--
-- AUTO_INCREMENT dla tabeli `menu`
--
ALTER TABLE `menu`
  MODIFY `id` int(11) NOT NULL AUTO_INCREMENT,AUTO_INCREMENT=68;
--
-- AUTO_INCREMENT dla tabeli `menu_translate`
--
ALTER TABLE `menu_translate`
  MODIFY `id` int(11) NOT NULL AUTO_INCREMENT,AUTO_INCREMENT=124;
--
-- AUTO_INCREMENT dla tabeli `modules`
--
ALTER TABLE `modules`
  MODIFY `id` int(11) NOT NULL AUTO_INCREMENT,AUTO_INCREMENT=3;
--
-- AUTO_INCREMENT dla tabeli `options`
--
ALTER TABLE `options`
  MODIFY `id` int(11) NOT NULL AUTO_INCREMENT;
--
-- AUTO_INCREMENT dla tabeli `page`
--
ALTER TABLE `page`
  MODIFY `id` int(11) NOT NULL AUTO_INCREMENT,AUTO_INCREMENT=6;
--
-- AUTO_INCREMENT dla tabeli `page_translate`
--
ALTER TABLE `page_translate`
  MODIFY `id` int(11) NOT NULL AUTO_INCREMENT,AUTO_INCREMENT=50;
--
-- AUTO_INCREMENT dla tabeli `publication`
--
ALTER TABLE `publication`
  MODIFY `id` int(11) NOT NULL AUTO_INCREMENT,AUTO_INCREMENT=64;
--
-- AUTO_INCREMENT dla tabeli `publication_attachments`
--
ALTER TABLE `publication_attachments`
  MODIFY `id` int(11) NOT NULL AUTO_INCREMENT,AUTO_INCREMENT=20;
--
-- AUTO_INCREMENT dla tabeli `publication_categories`
--
ALTER TABLE `publication_categories`
  MODIFY `id` int(11) NOT NULL AUTO_INCREMENT,AUTO_INCREMENT=63;
--
-- AUTO_INCREMENT dla tabeli `publication_translate`
--
ALTER TABLE `publication_translate`
  MODIFY `id` int(11) NOT NULL AUTO_INCREMENT,AUTO_INCREMENT=324;
--
-- AUTO_INCREMENT dla tabeli `publication_type`
--
ALTER TABLE `publication_type`
  MODIFY `id` int(11) NOT NULL AUTO_INCREMENT,AUTO_INCREMENT=5;
--
-- AUTO_INCREMENT dla tabeli `publication_type_translate`
--
ALTER TABLE `publication_type_translate`
  MODIFY `id` int(11) NOT NULL AUTO_INCREMENT,AUTO_INCREMENT=97;
--
-- AUTO_INCREMENT dla tabeli `seo_manager`
--
ALTER TABLE `seo_manager`
  MODIFY `id` int(11) NOT NULL AUTO_INCREMENT,AUTO_INCREMENT=3;
--
-- AUTO_INCREMENT dla tabeli `translate`
--
ALTER TABLE `translate`
  MODIFY `id` int(11) NOT NULL AUTO_INCREMENT,AUTO_INCREMENT=100;
--
-- AUTO_INCREMENT dla tabeli `tree_category`
--
ALTER TABLE `tree_category`
  MODIFY `id` int(11) NOT NULL AUTO_INCREMENT,AUTO_INCREMENT=323;
--
-- AUTO_INCREMENT dla tabeli `tree_category_translate`
--
ALTER TABLE `tree_category_translate`
  MODIFY `id` int(11) NOT NULL AUTO_INCREMENT,AUTO_INCREMENT=322;
--
-- Ograniczenia dla zrzutów tabel
--

--
-- Ograniczenia dla tabeli `menu`
--
ALTER TABLE `menu`
  ADD CONSTRAINT `menu_ibfk_1` FOREIGN KEY (`parent_id`) REFERENCES `menu` (`id`) ON DELETE SET NULL ON UPDATE CASCADE;

--
-- Ograniczenia dla tabeli `menu_translate`
--
ALTER TABLE `menu_translate`
  ADD CONSTRAINT `menu_translate_ibfk_1` FOREIGN KEY (`foreign_id`) REFERENCES `menu` (`id`) ON DELETE CASCADE ON UPDATE CASCADE;

--
-- Ograniczenia dla tabeli `page_translate`
--
ALTER TABLE `page_translate`
  ADD CONSTRAINT `page_translate_ibfk_1` FOREIGN KEY (`foreign_id`) REFERENCES `page` (`id`) ON DELETE CASCADE ON UPDATE CASCADE,
  ADD CONSTRAINT `page_translate_ibfk_2` FOREIGN KEY (`lang`) REFERENCES `language` (`iso`) ON DELETE CASCADE ON UPDATE CASCADE;

--
-- Ograniczenia dla tabeli `publication`
--
ALTER TABLE `publication`
  ADD CONSTRAINT `publication_ibfk_1` FOREIGN KEY (`type_id`) REFERENCES `publication_type` (`id`) ON DELETE CASCADE ON UPDATE CASCADE;

--
-- Ograniczenia dla tabeli `publication_translate`
--
ALTER TABLE `publication_translate`
  ADD CONSTRAINT `publication_translate_ibfk_1` FOREIGN KEY (`foreign_id`) REFERENCES `publication` (`id`) ON DELETE CASCADE ON UPDATE CASCADE,
  ADD CONSTRAINT `publication_translate_ibfk_2` FOREIGN KEY (`lang`) REFERENCES `language` (`iso`) ON DELETE CASCADE ON UPDATE CASCADE;

--
-- Ograniczenia dla tabeli `publication_type_translate`
--
ALTER TABLE `publication_type_translate`
  ADD CONSTRAINT `publication_type_translate_ibfk_1` FOREIGN KEY (`foreign_id`) REFERENCES `publication_type` (`id`) ON DELETE CASCADE ON UPDATE CASCADE,
  ADD CONSTRAINT `publication_type_translate_ibfk_2` FOREIGN KEY (`lang`) REFERENCES `language` (`iso`) ON DELETE CASCADE ON UPDATE CASCADE;

--
-- Ograniczenia dla tabeli `translate`
--
ALTER TABLE `translate`
  ADD CONSTRAINT `translate_ibfk_1` FOREIGN KEY (`lang`) REFERENCES `language` (`iso`) ON DELETE CASCADE ON UPDATE SET NULL;

--
-- Ograniczenia dla tabeli `tree_category`
--
ALTER TABLE `tree_category`
  ADD CONSTRAINT `tree_category_ibfk_1` FOREIGN KEY (`parent_id`) REFERENCES `tree_category` (`id`) ON DELETE SET NULL ON UPDATE CASCADE;

--
-- Ograniczenia dla tabeli `tree_category_translate`
--
ALTER TABLE `tree_category_translate`
  ADD CONSTRAINT `tree_category_translate_ibfk_1` FOREIGN KEY (`foreign_id`) REFERENCES `tree_category` (`id`) ON DELETE CASCADE ON UPDATE CASCADE,
  ADD CONSTRAINT `tree_category_translate_ibfk_2` FOREIGN KEY (`lang`) REFERENCES `language` (`iso`) ON DELETE CASCADE ON UPDATE CASCADE;

/*!40101 SET CHARACTER_SET_CLIENT=@OLD_CHARACTER_SET_CLIENT */;
/*!40101 SET CHARACTER_SET_RESULTS=@OLD_CHARACTER_SET_RESULTS */;
/*!40101 SET COLLATION_CONNECTION=@OLD_COLLATION_CONNECTION */;
